2024-11-03 00:08:17,551 INFO org.springframework.boot.StartupInfoLogger [main] Starting MazebankApplication using Java 17.0.2 on HTPC with PID 32236 (E:\hthen\Projetos\Java\mazebank\target\classes started by hthen in E:\hthen\Projetos\Java\mazebank)
2024-11-03 00:08:17,557 INFO org.springframework.boot.SpringApplication [main] No active profile set, falling back to 1 default profile: "default"
2024-11-03 00:08:18,480 INFO org.springframework.boot.web.embedded.tomcat.TomcatWebServer [main] Tomcat initialized with port(s): 8080 (http)
2024-11-03 00:08:18,491 INFO org.apache.juli.logging.DirectJDKLog [main] Initializing ProtocolHandler ["http-nio-8080"]
2024-11-03 00:08:18,492 INFO org.apache.juli.logging.DirectJDKLog [main] Starting service [Tomcat]
2024-11-03 00:08:18,497 INFO org.apache.juli.logging.DirectJDKLog [main] Starting Servlet engine: [Apache Tomcat/9.0.63]
2024-11-03 00:08:18,569 INFO org.apache.juli.logging.DirectJDKLog [main] Initializing Spring embedded WebApplicationContext
2024-11-03 00:08:18,569 INFO org.springframework.boot.web.servlet.context.ServletWebServerApplicationContext [main] Root WebApplicationContext: initialization completed in 966 ms
2024-11-03 00:08:18,717 INFO com.mongodb.internal.diagnostics.logging.SLF4JLogger [cluster-ClusterId{value='6726e922bc717c3ccb5c5fe8', description='null'}-srv-mazebankcluster.dddrndp.mongodb.net] Exception while resolving SRV records
com.mongodb.MongoConfigurationException: Failed looking up SRV record for '_mongodb._tcp.mazebankcluster.dddrndp.mongodb.net'.
	at com.mongodb.internal.dns.DefaultDnsResolver.resolveHostFromSrvRecords(DefaultDnsResolver.java:96)
	at com.mongodb.internal.connection.DefaultDnsSrvRecordMonitor$DnsSrvRecordMonitorRunnable.run(DefaultDnsSrvRecordMonitor.java:80)
	at java.base/java.lang.Thread.run(Thread.java:833)
Caused by: com.mongodb.spi.dns.DnsWithResponseCodeException: DNS name not found [response code 3]
	at com.mongodb.internal.dns.JndiDnsClient.getResourceRecordData(JndiDnsClient.java:52)
	at com.mongodb.internal.dns.DefaultDnsResolver.resolveHostFromSrvRecords(DefaultDnsResolver.java:78)
	... 2 common frames omitted
Caused by: javax.naming.NameNotFoundException: DNS name not found [response code 3]
	at jdk.naming.dns/com.sun.jndi.dns.DnsClient.checkResponseCode(DnsClient.java:659)
	at jdk.naming.dns/com.sun.jndi.dns.DnsClient.isMatchResponse(DnsClient.java:577)
	at jdk.naming.dns/com.sun.jndi.dns.DnsClient.doUdpQuery(DnsClient.java:429)
	at jdk.naming.dns/com.sun.jndi.dns.DnsClient.query(DnsClient.java:214)
	at jdk.naming.dns/com.sun.jndi.dns.Resolver.query(Resolver.java:81)
	at jdk.naming.dns/com.sun.jndi.dns.DnsContext.c_getAttributes(DnsContext.java:434)
	at java.naming/com.sun.jndi.toolkit.ctx.ComponentDirContext.p_getAttributes(ComponentDirContext.java:235)
	at java.naming/com.sun.jndi.toolkit.ctx.PartialCompositeDirContext.getAttributes(PartialCompositeDirContext.java:141)
	at java.naming/com.sun.jndi.toolkit.ctx.PartialCompositeDirContext.getAttributes(PartialCompositeDirContext.java:129)
	at java.naming/javax.naming.directory.InitialDirContext.getAttributes(InitialDirContext.java:171)
	at com.mongodb.internal.dns.JndiDnsClient.getResourceRecordData(JndiDnsClient.java:41)
	... 3 common frames omitted
2024-11-03 00:08:18,726 INFO com.mongodb.internal.diagnostics.logging.SLF4JLogger [main] MongoClient with metadata {"driver": {"name": "mongo-java-driver|sync", "version": "4.10.2"}, "os": {"type": "Windows", "name": "Windows 11", "architecture": "amd64", "version": "10.0"}, "platform": "Java/Oracle Corporation/17.0.2+8-86"} created with settings MongoClientSettings{readPreference=primary, writeConcern=WriteConcern{w=majority, wTimeout=null ms, journal=null}, retryWrites=true, retryReads=true, readConcern=ReadConcern{level=null}, credential=MongoCredential{mechanism=null, userName='mazebank', source='admin', password=<hidden>, mechanismProperties=<hidden>}, streamFactoryFactory=null, commandListeners=[], codecRegistry=ProvidersCodecRegistry{codecProviders=[ValueCodecProvider{}, BsonValueCodecProvider{}, DBRefCodecProvider{}, DBObjectCodecProvider{}, DocumentCodecProvider{}, CollectionCodecProvider{}, IterableCodecProvider{}, MapCodecProvider{}, GeoJsonCodecProvider{}, GridFSFileCodecProvider{}, Jsr310CodecProvider{}, JsonObjectCodecProvider{}, BsonCodecProvider{}, EnumCodecProvider{}, com.mongodb.client.model.mql.ExpressionCodecProvider@670b3ca, com.mongodb.Jep395RecordCodecProvider@24a86066, com.mongodb.KotlinCodecProvider@54402c04]}, loggerSettings=LoggerSettings{maxDocumentLength=1000}, clusterSettings={hosts=[127.0.0.1:27017], srvHost=mazebankcluster.dddrndp.mongodb.net, srvServiceName=mongodb, mode=MULTIPLE, requiredClusterType=UNKNOWN, requiredReplicaSetName='null', serverSelector='null', clusterListeners='[]', serverSelectionTimeout='30000 ms', localThreshold='30000 ms'}, socketSettings=SocketSettings{connectTimeoutMS=10000, readTimeoutMS=0, receiveBufferSize=0, sendBufferSize=0}, heartbeatSocketSettings=SocketSettings{connectTimeoutMS=10000, readTimeoutMS=10000, receiveBufferSize=0, sendBufferSize=0}, connectionPoolSettings=ConnectionPoolSettings{maxSize=100, minSize=0, maxWaitTimeMS=120000, maxConnectionLifeTimeMS=0, maxConnectionIdleTimeMS=0, maintenanceInitialDelayMS=0, maintenanceFrequencyMS=60000, connectionPoolListeners=[], maxConnecting=2}, serverSettings=ServerSettings{heartbeatFrequencyMS=10000, minHeartbeatFrequencyMS=500, serverListeners='[]', serverMonitorListeners='[]'}, sslSettings=SslSettings{enabled=true, invalidHostNameAllowed=false, context=null}, applicationName='null', compressorList=[], uuidRepresentation=UNSPECIFIED, serverApi=ServerApi{version=V1, deprecationErrors=null, strict=null}, autoEncryptionSettings=null, dnsClient=null, inetAddressResolver=null, contextProvider=null}
2024-11-03 00:08:18,982 INFO org.apache.juli.logging.DirectJDKLog [main] Starting ProtocolHandler ["http-nio-8080"]
2024-11-03 00:08:18,987 WARN org.springframework.context.support.AbstractApplicationContext [main] Exception encountered during context initialization - cancelling refresh attempt: org.springframework.context.ApplicationContextException: Failed to start bean 'webServerStartStop'; nested exception is org.springframework.boot.web.server.PortInUseException: Port 8080 is already in use
2024-11-03 00:08:18,992 INFO org.apache.juli.logging.DirectJDKLog [main] Pausing ProtocolHandler ["http-nio-8080"]
2024-11-03 00:08:18,992 INFO org.apache.juli.logging.DirectJDKLog [main] Stopping service [Tomcat]
2024-11-03 00:08:19,000 INFO org.apache.juli.logging.DirectJDKLog [main] Stopping ProtocolHandler ["http-nio-8080"]
2024-11-03 00:08:19,000 INFO org.apache.juli.logging.DirectJDKLog [main] Destroying ProtocolHandler ["http-nio-8080"]
2024-11-03 00:08:19,007 INFO org.springframework.boot.autoconfigure.logging.ConditionEvaluationReportLoggingListener [main] 

Error starting ApplicationContext. To display the conditions report re-run your application with 'debug' enabled.
2024-11-03 00:08:19,022 ERROR org.springframework.boot.diagnostics.LoggingFailureAnalysisReporter [main] 

***************************
APPLICATION FAILED TO START
***************************

Description:

Web server failed to start. Port 8080 was already in use.

Action:

Identify and stop the process that's listening on port 8080 or configure this application to listen on another port.

2024-11-03 00:08:37,699 INFO org.springframework.boot.StartupInfoLogger [main] Starting MazebankApplication using Java 17.0.2 on HTPC with PID 24120 (E:\hthen\Projetos\Java\mazebank\target\classes started by hthen in E:\hthen\Projetos\Java\mazebank)
2024-11-03 00:08:37,703 INFO org.springframework.boot.SpringApplication [main] No active profile set, falling back to 1 default profile: "default"
2024-11-03 00:08:38,521 INFO org.springframework.boot.web.embedded.tomcat.TomcatWebServer [main] Tomcat initialized with port(s): 8080 (http)
2024-11-03 00:08:38,533 INFO org.apache.juli.logging.DirectJDKLog [main] Initializing ProtocolHandler ["http-nio-8080"]
2024-11-03 00:08:38,533 INFO org.apache.juli.logging.DirectJDKLog [main] Starting service [Tomcat]
2024-11-03 00:08:38,534 INFO org.apache.juli.logging.DirectJDKLog [main] Starting Servlet engine: [Apache Tomcat/9.0.63]
2024-11-03 00:08:38,604 INFO org.apache.juli.logging.DirectJDKLog [main] Initializing Spring embedded WebApplicationContext
2024-11-03 00:08:38,604 INFO org.springframework.boot.web.servlet.context.ServletWebServerApplicationContext [main] Root WebApplicationContext: initialization completed in 856 ms
2024-11-03 00:08:38,746 INFO com.mongodb.internal.diagnostics.logging.SLF4JLogger [cluster-ClusterId{value='6726e936521e141ecebd24dd', description='null'}-srv-mazebankcluster.dddrndp.mongodb.net] Exception while resolving SRV records
com.mongodb.MongoConfigurationException: Failed looking up SRV record for '_mongodb._tcp.mazebankcluster.dddrndp.mongodb.net'.
	at com.mongodb.internal.dns.DefaultDnsResolver.resolveHostFromSrvRecords(DefaultDnsResolver.java:96)
	at com.mongodb.internal.connection.DefaultDnsSrvRecordMonitor$DnsSrvRecordMonitorRunnable.run(DefaultDnsSrvRecordMonitor.java:80)
	at java.base/java.lang.Thread.run(Thread.java:833)
Caused by: com.mongodb.spi.dns.DnsWithResponseCodeException: DNS name not found [response code 3]
	at com.mongodb.internal.dns.JndiDnsClient.getResourceRecordData(JndiDnsClient.java:52)
	at com.mongodb.internal.dns.DefaultDnsResolver.resolveHostFromSrvRecords(DefaultDnsResolver.java:78)
	... 2 common frames omitted
Caused by: javax.naming.NameNotFoundException: DNS name not found [response code 3]
	at jdk.naming.dns/com.sun.jndi.dns.DnsClient.checkResponseCode(DnsClient.java:659)
	at jdk.naming.dns/com.sun.jndi.dns.DnsClient.isMatchResponse(DnsClient.java:577)
	at jdk.naming.dns/com.sun.jndi.dns.DnsClient.doUdpQuery(DnsClient.java:429)
	at jdk.naming.dns/com.sun.jndi.dns.DnsClient.query(DnsClient.java:214)
	at jdk.naming.dns/com.sun.jndi.dns.Resolver.query(Resolver.java:81)
	at jdk.naming.dns/com.sun.jndi.dns.DnsContext.c_getAttributes(DnsContext.java:434)
	at java.naming/com.sun.jndi.toolkit.ctx.ComponentDirContext.p_getAttributes(ComponentDirContext.java:235)
	at java.naming/com.sun.jndi.toolkit.ctx.PartialCompositeDirContext.getAttributes(PartialCompositeDirContext.java:141)
	at java.naming/com.sun.jndi.toolkit.ctx.PartialCompositeDirContext.getAttributes(PartialCompositeDirContext.java:129)
	at java.naming/javax.naming.directory.InitialDirContext.getAttributes(InitialDirContext.java:171)
	at com.mongodb.internal.dns.JndiDnsClient.getResourceRecordData(JndiDnsClient.java:41)
	... 3 common frames omitted
2024-11-03 00:08:38,751 INFO com.mongodb.internal.diagnostics.logging.SLF4JLogger [main] MongoClient with metadata {"driver": {"name": "mongo-java-driver|sync", "version": "4.10.2"}, "os": {"type": "Windows", "name": "Windows 11", "architecture": "amd64", "version": "10.0"}, "platform": "Java/Oracle Corporation/17.0.2+8-86"} created with settings MongoClientSettings{readPreference=primary, writeConcern=WriteConcern{w=majority, wTimeout=null ms, journal=null}, retryWrites=true, retryReads=true, readConcern=ReadConcern{level=null}, credential=MongoCredential{mechanism=null, userName='mazebank', source='admin', password=<hidden>, mechanismProperties=<hidden>}, streamFactoryFactory=null, commandListeners=[], codecRegistry=ProvidersCodecRegistry{codecProviders=[ValueCodecProvider{}, BsonValueCodecProvider{}, DBRefCodecProvider{}, DBObjectCodecProvider{}, DocumentCodecProvider{}, CollectionCodecProvider{}, IterableCodecProvider{}, MapCodecProvider{}, GeoJsonCodecProvider{}, GridFSFileCodecProvider{}, Jsr310CodecProvider{}, JsonObjectCodecProvider{}, BsonCodecProvider{}, EnumCodecProvider{}, com.mongodb.client.model.mql.ExpressionCodecProvider@58d6b7b9, com.mongodb.Jep395RecordCodecProvider@3f1a4795, com.mongodb.KotlinCodecProvider@6a6f6c7e]}, loggerSettings=LoggerSettings{maxDocumentLength=1000}, clusterSettings={hosts=[127.0.0.1:27017], srvHost=mazebankcluster.dddrndp.mongodb.net, srvServiceName=mongodb, mode=MULTIPLE, requiredClusterType=UNKNOWN, requiredReplicaSetName='null', serverSelector='null', clusterListeners='[]', serverSelectionTimeout='30000 ms', localThreshold='30000 ms'}, socketSettings=SocketSettings{connectTimeoutMS=10000, readTimeoutMS=0, receiveBufferSize=0, sendBufferSize=0}, heartbeatSocketSettings=SocketSettings{connectTimeoutMS=10000, readTimeoutMS=10000, receiveBufferSize=0, sendBufferSize=0}, connectionPoolSettings=ConnectionPoolSettings{maxSize=100, minSize=0, maxWaitTimeMS=120000, maxConnectionLifeTimeMS=0, maxConnectionIdleTimeMS=0, maintenanceInitialDelayMS=0, maintenanceFrequencyMS=60000, connectionPoolListeners=[], maxConnecting=2}, serverSettings=ServerSettings{heartbeatFrequencyMS=10000, minHeartbeatFrequencyMS=500, serverListeners='[]', serverMonitorListeners='[]'}, sslSettings=SslSettings{enabled=true, invalidHostNameAllowed=false, context=null}, applicationName='null', compressorList=[], uuidRepresentation=UNSPECIFIED, serverApi=ServerApi{version=V1, deprecationErrors=null, strict=null}, autoEncryptionSettings=null, dnsClient=null, inetAddressResolver=null, contextProvider=null}
2024-11-03 00:08:39,001 INFO org.apache.juli.logging.DirectJDKLog [main] Starting ProtocolHandler ["http-nio-8080"]
2024-11-03 00:08:39,004 WARN org.springframework.context.support.AbstractApplicationContext [main] Exception encountered during context initialization - cancelling refresh attempt: org.springframework.context.ApplicationContextException: Failed to start bean 'webServerStartStop'; nested exception is org.springframework.boot.web.server.PortInUseException: Port 8080 is already in use
2024-11-03 00:08:39,011 INFO org.apache.juli.logging.DirectJDKLog [main] Pausing ProtocolHandler ["http-nio-8080"]
2024-11-03 00:08:39,012 INFO org.apache.juli.logging.DirectJDKLog [main] Stopping service [Tomcat]
2024-11-03 00:08:39,019 INFO org.apache.juli.logging.DirectJDKLog [main] Stopping ProtocolHandler ["http-nio-8080"]
2024-11-03 00:08:39,019 INFO org.apache.juli.logging.DirectJDKLog [main] Destroying ProtocolHandler ["http-nio-8080"]
2024-11-03 00:08:39,026 INFO org.springframework.boot.autoconfigure.logging.ConditionEvaluationReportLoggingListener [main] 

Error starting ApplicationContext. To display the conditions report re-run your application with 'debug' enabled.
2024-11-03 00:08:39,044 ERROR org.springframework.boot.diagnostics.LoggingFailureAnalysisReporter [main] 

***************************
APPLICATION FAILED TO START
***************************

Description:

Web server failed to start. Port 8080 was already in use.

Action:

Identify and stop the process that's listening on port 8080 or configure this application to listen on another port.

2024-11-03 00:12:22,939 INFO org.springframework.boot.StartupInfoLogger [main] Starting MazebankApplication using Java 17.0.2 on HTPC with PID 30544 (E:\hthen\Projetos\Java\mazebank\target\classes started by hthen in E:\hthen\Projetos\Java\mazebank)
2024-11-03 00:12:22,944 INFO org.springframework.boot.SpringApplication [main] No active profile set, falling back to 1 default profile: "default"
2024-11-03 00:12:23,843 INFO org.springframework.boot.web.embedded.tomcat.TomcatWebServer [main] Tomcat initialized with port(s): 8081 (http)
2024-11-03 00:12:23,853 INFO org.apache.juli.logging.DirectJDKLog [main] Initializing ProtocolHandler ["http-nio-8081"]
2024-11-03 00:12:23,853 INFO org.apache.juli.logging.DirectJDKLog [main] Starting service [Tomcat]
2024-11-03 00:12:23,853 INFO org.apache.juli.logging.DirectJDKLog [main] Starting Servlet engine: [Apache Tomcat/9.0.63]
2024-11-03 00:12:23,942 INFO org.apache.juli.logging.DirectJDKLog [main] Initializing Spring embedded WebApplicationContext
2024-11-03 00:12:23,942 INFO org.springframework.boot.web.servlet.context.ServletWebServerApplicationContext [main] Root WebApplicationContext: initialization completed in 955 ms
2024-11-03 00:12:24,103 INFO com.mongodb.internal.diagnostics.logging.SLF4JLogger [cluster-ClusterId{value='6726ea18ad72804cd601be9d', description='null'}-srv-mazebankcluster.dddrndp.mongodb.net] Exception while resolving SRV records
com.mongodb.MongoConfigurationException: Failed looking up SRV record for '_mongodb._tcp.mazebankcluster.dddrndp.mongodb.net'.
	at com.mongodb.internal.dns.DefaultDnsResolver.resolveHostFromSrvRecords(DefaultDnsResolver.java:96)
	at com.mongodb.internal.connection.DefaultDnsSrvRecordMonitor$DnsSrvRecordMonitorRunnable.run(DefaultDnsSrvRecordMonitor.java:80)
	at java.base/java.lang.Thread.run(Thread.java:833)
Caused by: com.mongodb.spi.dns.DnsWithResponseCodeException: DNS name not found [response code 3]
	at com.mongodb.internal.dns.JndiDnsClient.getResourceRecordData(JndiDnsClient.java:52)
	at com.mongodb.internal.dns.DefaultDnsResolver.resolveHostFromSrvRecords(DefaultDnsResolver.java:78)
	... 2 common frames omitted
Caused by: javax.naming.NameNotFoundException: DNS name not found [response code 3]
	at jdk.naming.dns/com.sun.jndi.dns.DnsClient.checkResponseCode(DnsClient.java:659)
	at jdk.naming.dns/com.sun.jndi.dns.DnsClient.isMatchResponse(DnsClient.java:577)
	at jdk.naming.dns/com.sun.jndi.dns.DnsClient.doUdpQuery(DnsClient.java:429)
	at jdk.naming.dns/com.sun.jndi.dns.DnsClient.query(DnsClient.java:214)
	at jdk.naming.dns/com.sun.jndi.dns.Resolver.query(Resolver.java:81)
	at jdk.naming.dns/com.sun.jndi.dns.DnsContext.c_getAttributes(DnsContext.java:434)
	at java.naming/com.sun.jndi.toolkit.ctx.ComponentDirContext.p_getAttributes(ComponentDirContext.java:235)
	at java.naming/com.sun.jndi.toolkit.ctx.PartialCompositeDirContext.getAttributes(PartialCompositeDirContext.java:141)
	at java.naming/com.sun.jndi.toolkit.ctx.PartialCompositeDirContext.getAttributes(PartialCompositeDirContext.java:129)
	at java.naming/javax.naming.directory.InitialDirContext.getAttributes(InitialDirContext.java:171)
	at com.mongodb.internal.dns.JndiDnsClient.getResourceRecordData(JndiDnsClient.java:41)
	... 3 common frames omitted
2024-11-03 00:12:24,110 INFO com.mongodb.internal.diagnostics.logging.SLF4JLogger [main] MongoClient with metadata {"driver": {"name": "mongo-java-driver|sync", "version": "4.10.2"}, "os": {"type": "Windows", "name": "Windows 11", "architecture": "amd64", "version": "10.0"}, "platform": "Java/Oracle Corporation/17.0.2+8-86"} created with settings MongoClientSettings{readPreference=primary, writeConcern=WriteConcern{w=majority, wTimeout=null ms, journal=null}, retryWrites=true, retryReads=true, readConcern=ReadConcern{level=null}, credential=MongoCredential{mechanism=null, userName='mazebank', source='admin', password=<hidden>, mechanismProperties=<hidden>}, streamFactoryFactory=null, commandListeners=[], codecRegistry=ProvidersCodecRegistry{codecProviders=[ValueCodecProvider{}, BsonValueCodecProvider{}, DBRefCodecProvider{}, DBObjectCodecProvider{}, DocumentCodecProvider{}, CollectionCodecProvider{}, IterableCodecProvider{}, MapCodecProvider{}, GeoJsonCodecProvider{}, GridFSFileCodecProvider{}, Jsr310CodecProvider{}, JsonObjectCodecProvider{}, BsonCodecProvider{}, EnumCodecProvider{}, com.mongodb.client.model.mql.ExpressionCodecProvider@44b21f9f, com.mongodb.Jep395RecordCodecProvider@7ee8130e, com.mongodb.KotlinCodecProvider@6296474f]}, loggerSettings=LoggerSettings{maxDocumentLength=1000}, clusterSettings={hosts=[127.0.0.1:27017], srvHost=mazebankcluster.dddrndp.mongodb.net, srvServiceName=mongodb, mode=MULTIPLE, requiredClusterType=UNKNOWN, requiredReplicaSetName='null', serverSelector='null', clusterListeners='[]', serverSelectionTimeout='30000 ms', localThreshold='30000 ms'}, socketSettings=SocketSettings{connectTimeoutMS=10000, readTimeoutMS=0, receiveBufferSize=0, sendBufferSize=0}, heartbeatSocketSettings=SocketSettings{connectTimeoutMS=10000, readTimeoutMS=10000, receiveBufferSize=0, sendBufferSize=0}, connectionPoolSettings=ConnectionPoolSettings{maxSize=100, minSize=0, maxWaitTimeMS=120000, maxConnectionLifeTimeMS=0, maxConnectionIdleTimeMS=0, maintenanceInitialDelayMS=0, maintenanceFrequencyMS=60000, connectionPoolListeners=[], maxConnecting=2}, serverSettings=ServerSettings{heartbeatFrequencyMS=10000, minHeartbeatFrequencyMS=500, serverListeners='[]', serverMonitorListeners='[]'}, sslSettings=SslSettings{enabled=true, invalidHostNameAllowed=false, context=null}, applicationName='null', compressorList=[], uuidRepresentation=UNSPECIFIED, serverApi=ServerApi{version=V1, deprecationErrors=null, strict=null}, autoEncryptionSettings=null, dnsClient=null, inetAddressResolver=null, contextProvider=null}
2024-11-03 00:12:24,384 INFO org.apache.juli.logging.DirectJDKLog [main] Starting ProtocolHandler ["http-nio-8081"]
2024-11-03 00:12:24,400 INFO org.springframework.boot.web.embedded.tomcat.TomcatWebServer [main] Tomcat started on port(s): 8081 (http) with context path '/mazebank'
2024-11-03 00:12:24,407 INFO org.springframework.boot.StartupInfoLogger [main] Started MazebankApplication in 1.829 seconds (JVM running for 2.451)
2024-11-03 00:12:34,123 INFO com.mongodb.internal.diagnostics.logging.SLF4JLogger [cluster-ClusterId{value='6726ea18ad72804cd601be9d', description='null'}-srv-mazebankcluster.dddrndp.mongodb.net] Exception while resolving SRV records
com.mongodb.MongoConfigurationException: Failed looking up SRV record for '_mongodb._tcp.mazebankcluster.dddrndp.mongodb.net'.
	at com.mongodb.internal.dns.DefaultDnsResolver.resolveHostFromSrvRecords(DefaultDnsResolver.java:96)
	at com.mongodb.internal.connection.DefaultDnsSrvRecordMonitor$DnsSrvRecordMonitorRunnable.run(DefaultDnsSrvRecordMonitor.java:80)
	at java.base/java.lang.Thread.run(Thread.java:833)
Caused by: com.mongodb.spi.dns.DnsWithResponseCodeException: DNS name not found [response code 3]
	at com.mongodb.internal.dns.JndiDnsClient.getResourceRecordData(JndiDnsClient.java:52)
	at com.mongodb.internal.dns.DefaultDnsResolver.resolveHostFromSrvRecords(DefaultDnsResolver.java:78)
	... 2 common frames omitted
Caused by: javax.naming.NameNotFoundException: DNS name not found [response code 3]
	at jdk.naming.dns/com.sun.jndi.dns.DnsClient.checkResponseCode(DnsClient.java:659)
	at jdk.naming.dns/com.sun.jndi.dns.DnsClient.isMatchResponse(DnsClient.java:577)
	at jdk.naming.dns/com.sun.jndi.dns.DnsClient.doUdpQuery(DnsClient.java:429)
	at jdk.naming.dns/com.sun.jndi.dns.DnsClient.query(DnsClient.java:214)
	at jdk.naming.dns/com.sun.jndi.dns.Resolver.query(Resolver.java:81)
	at jdk.naming.dns/com.sun.jndi.dns.DnsContext.c_getAttributes(DnsContext.java:434)
	at java.naming/com.sun.jndi.toolkit.ctx.ComponentDirContext.p_getAttributes(ComponentDirContext.java:235)
	at java.naming/com.sun.jndi.toolkit.ctx.PartialCompositeDirContext.getAttributes(PartialCompositeDirContext.java:141)
	at java.naming/com.sun.jndi.toolkit.ctx.PartialCompositeDirContext.getAttributes(PartialCompositeDirContext.java:129)
	at java.naming/javax.naming.directory.InitialDirContext.getAttributes(InitialDirContext.java:171)
	at com.mongodb.internal.dns.JndiDnsClient.getResourceRecordData(JndiDnsClient.java:41)
	... 3 common frames omitted
2024-11-03 00:12:44,131 INFO com.mongodb.internal.diagnostics.logging.SLF4JLogger [cluster-ClusterId{value='6726ea18ad72804cd601be9d', description='null'}-srv-mazebankcluster.dddrndp.mongodb.net] Exception while resolving SRV records
com.mongodb.MongoConfigurationException: Failed looking up SRV record for '_mongodb._tcp.mazebankcluster.dddrndp.mongodb.net'.
	at com.mongodb.internal.dns.DefaultDnsResolver.resolveHostFromSrvRecords(DefaultDnsResolver.java:96)
	at com.mongodb.internal.connection.DefaultDnsSrvRecordMonitor$DnsSrvRecordMonitorRunnable.run(DefaultDnsSrvRecordMonitor.java:80)
	at java.base/java.lang.Thread.run(Thread.java:833)
Caused by: com.mongodb.spi.dns.DnsWithResponseCodeException: DNS name not found [response code 3]
	at com.mongodb.internal.dns.JndiDnsClient.getResourceRecordData(JndiDnsClient.java:52)
	at com.mongodb.internal.dns.DefaultDnsResolver.resolveHostFromSrvRecords(DefaultDnsResolver.java:78)
	... 2 common frames omitted
Caused by: javax.naming.NameNotFoundException: DNS name not found [response code 3]
	at jdk.naming.dns/com.sun.jndi.dns.DnsClient.checkResponseCode(DnsClient.java:659)
	at jdk.naming.dns/com.sun.jndi.dns.DnsClient.isMatchResponse(DnsClient.java:577)
	at jdk.naming.dns/com.sun.jndi.dns.DnsClient.doUdpQuery(DnsClient.java:429)
	at jdk.naming.dns/com.sun.jndi.dns.DnsClient.query(DnsClient.java:214)
	at jdk.naming.dns/com.sun.jndi.dns.Resolver.query(Resolver.java:81)
	at jdk.naming.dns/com.sun.jndi.dns.DnsContext.c_getAttributes(DnsContext.java:434)
	at java.naming/com.sun.jndi.toolkit.ctx.ComponentDirContext.p_getAttributes(ComponentDirContext.java:235)
	at java.naming/com.sun.jndi.toolkit.ctx.PartialCompositeDirContext.getAttributes(PartialCompositeDirContext.java:141)
	at java.naming/com.sun.jndi.toolkit.ctx.PartialCompositeDirContext.getAttributes(PartialCompositeDirContext.java:129)
	at java.naming/javax.naming.directory.InitialDirContext.getAttributes(InitialDirContext.java:171)
	at com.mongodb.internal.dns.JndiDnsClient.getResourceRecordData(JndiDnsClient.java:41)
	... 3 common frames omitted
2024-11-03 00:12:54,147 INFO com.mongodb.internal.diagnostics.logging.SLF4JLogger [cluster-ClusterId{value='6726ea18ad72804cd601be9d', description='null'}-srv-mazebankcluster.dddrndp.mongodb.net] Exception while resolving SRV records
com.mongodb.MongoConfigurationException: Failed looking up SRV record for '_mongodb._tcp.mazebankcluster.dddrndp.mongodb.net'.
	at com.mongodb.internal.dns.DefaultDnsResolver.resolveHostFromSrvRecords(DefaultDnsResolver.java:96)
	at com.mongodb.internal.connection.DefaultDnsSrvRecordMonitor$DnsSrvRecordMonitorRunnable.run(DefaultDnsSrvRecordMonitor.java:80)
	at java.base/java.lang.Thread.run(Thread.java:833)
Caused by: com.mongodb.spi.dns.DnsWithResponseCodeException: DNS name not found [response code 3]
	at com.mongodb.internal.dns.JndiDnsClient.getResourceRecordData(JndiDnsClient.java:52)
	at com.mongodb.internal.dns.DefaultDnsResolver.resolveHostFromSrvRecords(DefaultDnsResolver.java:78)
	... 2 common frames omitted
Caused by: javax.naming.NameNotFoundException: DNS name not found [response code 3]
	at jdk.naming.dns/com.sun.jndi.dns.DnsClient.checkResponseCode(DnsClient.java:659)
	at jdk.naming.dns/com.sun.jndi.dns.DnsClient.isMatchResponse(DnsClient.java:577)
	at jdk.naming.dns/com.sun.jndi.dns.DnsClient.doUdpQuery(DnsClient.java:429)
	at jdk.naming.dns/com.sun.jndi.dns.DnsClient.query(DnsClient.java:214)
	at jdk.naming.dns/com.sun.jndi.dns.Resolver.query(Resolver.java:81)
	at jdk.naming.dns/com.sun.jndi.dns.DnsContext.c_getAttributes(DnsContext.java:434)
	at java.naming/com.sun.jndi.toolkit.ctx.ComponentDirContext.p_getAttributes(ComponentDirContext.java:235)
	at java.naming/com.sun.jndi.toolkit.ctx.PartialCompositeDirContext.getAttributes(PartialCompositeDirContext.java:141)
	at java.naming/com.sun.jndi.toolkit.ctx.PartialCompositeDirContext.getAttributes(PartialCompositeDirContext.java:129)
	at java.naming/javax.naming.directory.InitialDirContext.getAttributes(InitialDirContext.java:171)
	at com.mongodb.internal.dns.JndiDnsClient.getResourceRecordData(JndiDnsClient.java:41)
	... 3 common frames omitted
2024-11-03 00:13:04,172 INFO com.mongodb.internal.diagnostics.logging.SLF4JLogger [cluster-ClusterId{value='6726ea18ad72804cd601be9d', description='null'}-srv-mazebankcluster.dddrndp.mongodb.net] Exception while resolving SRV records
com.mongodb.MongoConfigurationException: Failed looking up SRV record for '_mongodb._tcp.mazebankcluster.dddrndp.mongodb.net'.
	at com.mongodb.internal.dns.DefaultDnsResolver.resolveHostFromSrvRecords(DefaultDnsResolver.java:96)
	at com.mongodb.internal.connection.DefaultDnsSrvRecordMonitor$DnsSrvRecordMonitorRunnable.run(DefaultDnsSrvRecordMonitor.java:80)
	at java.base/java.lang.Thread.run(Thread.java:833)
Caused by: com.mongodb.spi.dns.DnsWithResponseCodeException: DNS name not found [response code 3]
	at com.mongodb.internal.dns.JndiDnsClient.getResourceRecordData(JndiDnsClient.java:52)
	at com.mongodb.internal.dns.DefaultDnsResolver.resolveHostFromSrvRecords(DefaultDnsResolver.java:78)
	... 2 common frames omitted
Caused by: javax.naming.NameNotFoundException: DNS name not found [response code 3]
	at jdk.naming.dns/com.sun.jndi.dns.DnsClient.checkResponseCode(DnsClient.java:659)
	at jdk.naming.dns/com.sun.jndi.dns.DnsClient.isMatchResponse(DnsClient.java:577)
	at jdk.naming.dns/com.sun.jndi.dns.DnsClient.doUdpQuery(DnsClient.java:429)
	at jdk.naming.dns/com.sun.jndi.dns.DnsClient.query(DnsClient.java:214)
	at jdk.naming.dns/com.sun.jndi.dns.Resolver.query(Resolver.java:81)
	at jdk.naming.dns/com.sun.jndi.dns.DnsContext.c_getAttributes(DnsContext.java:434)
	at java.naming/com.sun.jndi.toolkit.ctx.ComponentDirContext.p_getAttributes(ComponentDirContext.java:235)
	at java.naming/com.sun.jndi.toolkit.ctx.PartialCompositeDirContext.getAttributes(PartialCompositeDirContext.java:141)
	at java.naming/com.sun.jndi.toolkit.ctx.PartialCompositeDirContext.getAttributes(PartialCompositeDirContext.java:129)
	at java.naming/javax.naming.directory.InitialDirContext.getAttributes(InitialDirContext.java:171)
	at com.mongodb.internal.dns.JndiDnsClient.getResourceRecordData(JndiDnsClient.java:41)
	... 3 common frames omitted
2024-11-03 00:13:14,191 INFO com.mongodb.internal.diagnostics.logging.SLF4JLogger [cluster-ClusterId{value='6726ea18ad72804cd601be9d', description='null'}-srv-mazebankcluster.dddrndp.mongodb.net] Exception while resolving SRV records
com.mongodb.MongoConfigurationException: Failed looking up SRV record for '_mongodb._tcp.mazebankcluster.dddrndp.mongodb.net'.
	at com.mongodb.internal.dns.DefaultDnsResolver.resolveHostFromSrvRecords(DefaultDnsResolver.java:96)
	at com.mongodb.internal.connection.DefaultDnsSrvRecordMonitor$DnsSrvRecordMonitorRunnable.run(DefaultDnsSrvRecordMonitor.java:80)
	at java.base/java.lang.Thread.run(Thread.java:833)
Caused by: com.mongodb.spi.dns.DnsWithResponseCodeException: DNS name not found [response code 3]
	at com.mongodb.internal.dns.JndiDnsClient.getResourceRecordData(JndiDnsClient.java:52)
	at com.mongodb.internal.dns.DefaultDnsResolver.resolveHostFromSrvRecords(DefaultDnsResolver.java:78)
	... 2 common frames omitted
Caused by: javax.naming.NameNotFoundException: DNS name not found [response code 3]
	at jdk.naming.dns/com.sun.jndi.dns.DnsClient.checkResponseCode(DnsClient.java:659)
	at jdk.naming.dns/com.sun.jndi.dns.DnsClient.isMatchResponse(DnsClient.java:577)
	at jdk.naming.dns/com.sun.jndi.dns.DnsClient.doUdpQuery(DnsClient.java:429)
	at jdk.naming.dns/com.sun.jndi.dns.DnsClient.query(DnsClient.java:214)
	at jdk.naming.dns/com.sun.jndi.dns.Resolver.query(Resolver.java:81)
	at jdk.naming.dns/com.sun.jndi.dns.DnsContext.c_getAttributes(DnsContext.java:434)
	at java.naming/com.sun.jndi.toolkit.ctx.ComponentDirContext.p_getAttributes(ComponentDirContext.java:235)
	at java.naming/com.sun.jndi.toolkit.ctx.PartialCompositeDirContext.getAttributes(PartialCompositeDirContext.java:141)
	at java.naming/com.sun.jndi.toolkit.ctx.PartialCompositeDirContext.getAttributes(PartialCompositeDirContext.java:129)
	at java.naming/javax.naming.directory.InitialDirContext.getAttributes(InitialDirContext.java:171)
	at com.mongodb.internal.dns.JndiDnsClient.getResourceRecordData(JndiDnsClient.java:41)
	... 3 common frames omitted
2024-11-03 00:13:24,207 INFO com.mongodb.internal.diagnostics.logging.SLF4JLogger [cluster-ClusterId{value='6726ea18ad72804cd601be9d', description='null'}-srv-mazebankcluster.dddrndp.mongodb.net] Exception while resolving SRV records
com.mongodb.MongoConfigurationException: Failed looking up SRV record for '_mongodb._tcp.mazebankcluster.dddrndp.mongodb.net'.
	at com.mongodb.internal.dns.DefaultDnsResolver.resolveHostFromSrvRecords(DefaultDnsResolver.java:96)
	at com.mongodb.internal.connection.DefaultDnsSrvRecordMonitor$DnsSrvRecordMonitorRunnable.run(DefaultDnsSrvRecordMonitor.java:80)
	at java.base/java.lang.Thread.run(Thread.java:833)
Caused by: com.mongodb.spi.dns.DnsWithResponseCodeException: DNS name not found [response code 3]
	at com.mongodb.internal.dns.JndiDnsClient.getResourceRecordData(JndiDnsClient.java:52)
	at com.mongodb.internal.dns.DefaultDnsResolver.resolveHostFromSrvRecords(DefaultDnsResolver.java:78)
	... 2 common frames omitted
Caused by: javax.naming.NameNotFoundException: DNS name not found [response code 3]
	at jdk.naming.dns/com.sun.jndi.dns.DnsClient.checkResponseCode(DnsClient.java:659)
	at jdk.naming.dns/com.sun.jndi.dns.DnsClient.isMatchResponse(DnsClient.java:577)
	at jdk.naming.dns/com.sun.jndi.dns.DnsClient.doUdpQuery(DnsClient.java:429)
	at jdk.naming.dns/com.sun.jndi.dns.DnsClient.query(DnsClient.java:214)
	at jdk.naming.dns/com.sun.jndi.dns.Resolver.query(Resolver.java:81)
	at jdk.naming.dns/com.sun.jndi.dns.DnsContext.c_getAttributes(DnsContext.java:434)
	at java.naming/com.sun.jndi.toolkit.ctx.ComponentDirContext.p_getAttributes(ComponentDirContext.java:235)
	at java.naming/com.sun.jndi.toolkit.ctx.PartialCompositeDirContext.getAttributes(PartialCompositeDirContext.java:141)
	at java.naming/com.sun.jndi.toolkit.ctx.PartialCompositeDirContext.getAttributes(PartialCompositeDirContext.java:129)
	at java.naming/javax.naming.directory.InitialDirContext.getAttributes(InitialDirContext.java:171)
	at com.mongodb.internal.dns.JndiDnsClient.getResourceRecordData(JndiDnsClient.java:41)
	... 3 common frames omitted
2024-11-03 00:13:34,225 INFO com.mongodb.internal.diagnostics.logging.SLF4JLogger [cluster-ClusterId{value='6726ea18ad72804cd601be9d', description='null'}-srv-mazebankcluster.dddrndp.mongodb.net] Exception while resolving SRV records
com.mongodb.MongoConfigurationException: Failed looking up SRV record for '_mongodb._tcp.mazebankcluster.dddrndp.mongodb.net'.
	at com.mongodb.internal.dns.DefaultDnsResolver.resolveHostFromSrvRecords(DefaultDnsResolver.java:96)
	at com.mongodb.internal.connection.DefaultDnsSrvRecordMonitor$DnsSrvRecordMonitorRunnable.run(DefaultDnsSrvRecordMonitor.java:80)
	at java.base/java.lang.Thread.run(Thread.java:833)
Caused by: com.mongodb.spi.dns.DnsWithResponseCodeException: DNS name not found [response code 3]
	at com.mongodb.internal.dns.JndiDnsClient.getResourceRecordData(JndiDnsClient.java:52)
	at com.mongodb.internal.dns.DefaultDnsResolver.resolveHostFromSrvRecords(DefaultDnsResolver.java:78)
	... 2 common frames omitted
Caused by: javax.naming.NameNotFoundException: DNS name not found [response code 3]
	at jdk.naming.dns/com.sun.jndi.dns.DnsClient.checkResponseCode(DnsClient.java:659)
	at jdk.naming.dns/com.sun.jndi.dns.DnsClient.isMatchResponse(DnsClient.java:577)
	at jdk.naming.dns/com.sun.jndi.dns.DnsClient.doUdpQuery(DnsClient.java:429)
	at jdk.naming.dns/com.sun.jndi.dns.DnsClient.query(DnsClient.java:214)
	at jdk.naming.dns/com.sun.jndi.dns.Resolver.query(Resolver.java:81)
	at jdk.naming.dns/com.sun.jndi.dns.DnsContext.c_getAttributes(DnsContext.java:434)
	at java.naming/com.sun.jndi.toolkit.ctx.ComponentDirContext.p_getAttributes(ComponentDirContext.java:235)
	at java.naming/com.sun.jndi.toolkit.ctx.PartialCompositeDirContext.getAttributes(PartialCompositeDirContext.java:141)
	at java.naming/com.sun.jndi.toolkit.ctx.PartialCompositeDirContext.getAttributes(PartialCompositeDirContext.java:129)
	at java.naming/javax.naming.directory.InitialDirContext.getAttributes(InitialDirContext.java:171)
	at com.mongodb.internal.dns.JndiDnsClient.getResourceRecordData(JndiDnsClient.java:41)
	... 3 common frames omitted
2024-11-03 00:13:44,244 INFO com.mongodb.internal.diagnostics.logging.SLF4JLogger [cluster-ClusterId{value='6726ea18ad72804cd601be9d', description='null'}-srv-mazebankcluster.dddrndp.mongodb.net] Exception while resolving SRV records
com.mongodb.MongoConfigurationException: Failed looking up SRV record for '_mongodb._tcp.mazebankcluster.dddrndp.mongodb.net'.
	at com.mongodb.internal.dns.DefaultDnsResolver.resolveHostFromSrvRecords(DefaultDnsResolver.java:96)
	at com.mongodb.internal.connection.DefaultDnsSrvRecordMonitor$DnsSrvRecordMonitorRunnable.run(DefaultDnsSrvRecordMonitor.java:80)
	at java.base/java.lang.Thread.run(Thread.java:833)
Caused by: com.mongodb.spi.dns.DnsWithResponseCodeException: DNS name not found [response code 3]
	at com.mongodb.internal.dns.JndiDnsClient.getResourceRecordData(JndiDnsClient.java:52)
	at com.mongodb.internal.dns.DefaultDnsResolver.resolveHostFromSrvRecords(DefaultDnsResolver.java:78)
	... 2 common frames omitted
Caused by: javax.naming.NameNotFoundException: DNS name not found [response code 3]
	at jdk.naming.dns/com.sun.jndi.dns.DnsClient.checkResponseCode(DnsClient.java:659)
	at jdk.naming.dns/com.sun.jndi.dns.DnsClient.isMatchResponse(DnsClient.java:577)
	at jdk.naming.dns/com.sun.jndi.dns.DnsClient.doUdpQuery(DnsClient.java:429)
	at jdk.naming.dns/com.sun.jndi.dns.DnsClient.query(DnsClient.java:214)
	at jdk.naming.dns/com.sun.jndi.dns.Resolver.query(Resolver.java:81)
	at jdk.naming.dns/com.sun.jndi.dns.DnsContext.c_getAttributes(DnsContext.java:434)
	at java.naming/com.sun.jndi.toolkit.ctx.ComponentDirContext.p_getAttributes(ComponentDirContext.java:235)
	at java.naming/com.sun.jndi.toolkit.ctx.PartialCompositeDirContext.getAttributes(PartialCompositeDirContext.java:141)
	at java.naming/com.sun.jndi.toolkit.ctx.PartialCompositeDirContext.getAttributes(PartialCompositeDirContext.java:129)
	at java.naming/javax.naming.directory.InitialDirContext.getAttributes(InitialDirContext.java:171)
	at com.mongodb.internal.dns.JndiDnsClient.getResourceRecordData(JndiDnsClient.java:41)
	... 3 common frames omitted
2024-11-03 00:13:54,254 INFO com.mongodb.internal.diagnostics.logging.SLF4JLogger [cluster-ClusterId{value='6726ea18ad72804cd601be9d', description='null'}-srv-mazebankcluster.dddrndp.mongodb.net] Exception while resolving SRV records
com.mongodb.MongoConfigurationException: Failed looking up SRV record for '_mongodb._tcp.mazebankcluster.dddrndp.mongodb.net'.
	at com.mongodb.internal.dns.DefaultDnsResolver.resolveHostFromSrvRecords(DefaultDnsResolver.java:96)
	at com.mongodb.internal.connection.DefaultDnsSrvRecordMonitor$DnsSrvRecordMonitorRunnable.run(DefaultDnsSrvRecordMonitor.java:80)
	at java.base/java.lang.Thread.run(Thread.java:833)
Caused by: com.mongodb.spi.dns.DnsWithResponseCodeException: DNS name not found [response code 3]
	at com.mongodb.internal.dns.JndiDnsClient.getResourceRecordData(JndiDnsClient.java:52)
	at com.mongodb.internal.dns.DefaultDnsResolver.resolveHostFromSrvRecords(DefaultDnsResolver.java:78)
	... 2 common frames omitted
Caused by: javax.naming.NameNotFoundException: DNS name not found [response code 3]
	at jdk.naming.dns/com.sun.jndi.dns.DnsClient.checkResponseCode(DnsClient.java:659)
	at jdk.naming.dns/com.sun.jndi.dns.DnsClient.isMatchResponse(DnsClient.java:577)
	at jdk.naming.dns/com.sun.jndi.dns.DnsClient.doUdpQuery(DnsClient.java:429)
	at jdk.naming.dns/com.sun.jndi.dns.DnsClient.query(DnsClient.java:214)
	at jdk.naming.dns/com.sun.jndi.dns.Resolver.query(Resolver.java:81)
	at jdk.naming.dns/com.sun.jndi.dns.DnsContext.c_getAttributes(DnsContext.java:434)
	at java.naming/com.sun.jndi.toolkit.ctx.ComponentDirContext.p_getAttributes(ComponentDirContext.java:235)
	at java.naming/com.sun.jndi.toolkit.ctx.PartialCompositeDirContext.getAttributes(PartialCompositeDirContext.java:141)
	at java.naming/com.sun.jndi.toolkit.ctx.PartialCompositeDirContext.getAttributes(PartialCompositeDirContext.java:129)
	at java.naming/javax.naming.directory.InitialDirContext.getAttributes(InitialDirContext.java:171)
	at com.mongodb.internal.dns.JndiDnsClient.getResourceRecordData(JndiDnsClient.java:41)
	... 3 common frames omitted
2024-11-03 00:14:04,270 INFO com.mongodb.internal.diagnostics.logging.SLF4JLogger [cluster-ClusterId{value='6726ea18ad72804cd601be9d', description='null'}-srv-mazebankcluster.dddrndp.mongodb.net] Exception while resolving SRV records
com.mongodb.MongoConfigurationException: Failed looking up SRV record for '_mongodb._tcp.mazebankcluster.dddrndp.mongodb.net'.
	at com.mongodb.internal.dns.DefaultDnsResolver.resolveHostFromSrvRecords(DefaultDnsResolver.java:96)
	at com.mongodb.internal.connection.DefaultDnsSrvRecordMonitor$DnsSrvRecordMonitorRunnable.run(DefaultDnsSrvRecordMonitor.java:80)
	at java.base/java.lang.Thread.run(Thread.java:833)
Caused by: com.mongodb.spi.dns.DnsWithResponseCodeException: DNS name not found [response code 3]
	at com.mongodb.internal.dns.JndiDnsClient.getResourceRecordData(JndiDnsClient.java:52)
	at com.mongodb.internal.dns.DefaultDnsResolver.resolveHostFromSrvRecords(DefaultDnsResolver.java:78)
	... 2 common frames omitted
Caused by: javax.naming.NameNotFoundException: DNS name not found [response code 3]
	at jdk.naming.dns/com.sun.jndi.dns.DnsClient.checkResponseCode(DnsClient.java:659)
	at jdk.naming.dns/com.sun.jndi.dns.DnsClient.isMatchResponse(DnsClient.java:577)
	at jdk.naming.dns/com.sun.jndi.dns.DnsClient.doUdpQuery(DnsClient.java:429)
	at jdk.naming.dns/com.sun.jndi.dns.DnsClient.query(DnsClient.java:214)
	at jdk.naming.dns/com.sun.jndi.dns.Resolver.query(Resolver.java:81)
	at jdk.naming.dns/com.sun.jndi.dns.DnsContext.c_getAttributes(DnsContext.java:434)
	at java.naming/com.sun.jndi.toolkit.ctx.ComponentDirContext.p_getAttributes(ComponentDirContext.java:235)
	at java.naming/com.sun.jndi.toolkit.ctx.PartialCompositeDirContext.getAttributes(PartialCompositeDirContext.java:141)
	at java.naming/com.sun.jndi.toolkit.ctx.PartialCompositeDirContext.getAttributes(PartialCompositeDirContext.java:129)
	at java.naming/javax.naming.directory.InitialDirContext.getAttributes(InitialDirContext.java:171)
	at com.mongodb.internal.dns.JndiDnsClient.getResourceRecordData(JndiDnsClient.java:41)
	... 3 common frames omitted
2024-11-03 00:14:14,283 INFO com.mongodb.internal.diagnostics.logging.SLF4JLogger [cluster-ClusterId{value='6726ea18ad72804cd601be9d', description='null'}-srv-mazebankcluster.dddrndp.mongodb.net] Exception while resolving SRV records
com.mongodb.MongoConfigurationException: Failed looking up SRV record for '_mongodb._tcp.mazebankcluster.dddrndp.mongodb.net'.
	at com.mongodb.internal.dns.DefaultDnsResolver.resolveHostFromSrvRecords(DefaultDnsResolver.java:96)
	at com.mongodb.internal.connection.DefaultDnsSrvRecordMonitor$DnsSrvRecordMonitorRunnable.run(DefaultDnsSrvRecordMonitor.java:80)
	at java.base/java.lang.Thread.run(Thread.java:833)
Caused by: com.mongodb.spi.dns.DnsWithResponseCodeException: DNS name not found [response code 3]
	at com.mongodb.internal.dns.JndiDnsClient.getResourceRecordData(JndiDnsClient.java:52)
	at com.mongodb.internal.dns.DefaultDnsResolver.resolveHostFromSrvRecords(DefaultDnsResolver.java:78)
	... 2 common frames omitted
Caused by: javax.naming.NameNotFoundException: DNS name not found [response code 3]
	at jdk.naming.dns/com.sun.jndi.dns.DnsClient.checkResponseCode(DnsClient.java:659)
	at jdk.naming.dns/com.sun.jndi.dns.DnsClient.isMatchResponse(DnsClient.java:577)
	at jdk.naming.dns/com.sun.jndi.dns.DnsClient.doUdpQuery(DnsClient.java:429)
	at jdk.naming.dns/com.sun.jndi.dns.DnsClient.query(DnsClient.java:214)
	at jdk.naming.dns/com.sun.jndi.dns.Resolver.query(Resolver.java:81)
	at jdk.naming.dns/com.sun.jndi.dns.DnsContext.c_getAttributes(DnsContext.java:434)
	at java.naming/com.sun.jndi.toolkit.ctx.ComponentDirContext.p_getAttributes(ComponentDirContext.java:235)
	at java.naming/com.sun.jndi.toolkit.ctx.PartialCompositeDirContext.getAttributes(PartialCompositeDirContext.java:141)
	at java.naming/com.sun.jndi.toolkit.ctx.PartialCompositeDirContext.getAttributes(PartialCompositeDirContext.java:129)
	at java.naming/javax.naming.directory.InitialDirContext.getAttributes(InitialDirContext.java:171)
	at com.mongodb.internal.dns.JndiDnsClient.getResourceRecordData(JndiDnsClient.java:41)
	... 3 common frames omitted
2024-11-03 00:14:24,319 INFO com.mongodb.internal.diagnostics.logging.SLF4JLogger [cluster-ClusterId{value='6726ea18ad72804cd601be9d', description='null'}-srv-mazebankcluster.dddrndp.mongodb.net] Adding discovered server ac-tmdvcbz-shard-00-02.dddrndp.mongodb.net:27017 to client view of cluster
2024-11-03 00:14:24,338 INFO com.mongodb.internal.diagnostics.logging.SLF4JLogger [cluster-ClusterId{value='6726ea18ad72804cd601be9d', description='null'}-srv-mazebankcluster.dddrndp.mongodb.net] Adding discovered server ac-tmdvcbz-shard-00-00.dddrndp.mongodb.net:27017 to client view of cluster
2024-11-03 00:14:24,338 INFO com.mongodb.internal.diagnostics.logging.SLF4JLogger [cluster-ClusterId{value='6726ea18ad72804cd601be9d', description='null'}-srv-mazebankcluster.dddrndp.mongodb.net] Adding discovered server ac-tmdvcbz-shard-00-01.dddrndp.mongodb.net:27017 to client view of cluster
2024-11-03 00:14:24,684 INFO com.mongodb.internal.diagnostics.logging.SLF4JLogger [cluster-ClusterId{value='6726ea18ad72804cd601be9d', description='null'}-ac-tmdvcbz-shard-00-00.dddrndp.mongodb.net:27017] Monitor thread successfully connected to server with description ServerDescription{address=ac-tmdvcbz-shard-00-00.dddrndp.mongodb.net:27017, type=REPLICA_SET_SECONDARY, state=CONNECTED, ok=true, minWireVersion=0, maxWireVersion=21, maxDocumentSize=16777216, logicalSessionTimeoutMinutes=30, roundTripTimeNanos=220943900, setName='atlas-qhvfd0-shard-0', canonicalAddress=ac-tmdvcbz-shard-00-00.dddrndp.mongodb.net:27017, hosts=[ac-tmdvcbz-shard-00-02.dddrndp.mongodb.net:27017, ac-tmdvcbz-shard-00-00.dddrndp.mongodb.net:27017, ac-tmdvcbz-shard-00-01.dddrndp.mongodb.net:27017], passives=[], arbiters=[], primary='ac-tmdvcbz-shard-00-01.dddrndp.mongodb.net:27017', tagSet=TagSet{[Tag{name='availabilityZone', value='southamerica-east1-a'}, Tag{name='diskState', value='READY'}, Tag{name='nodeType', value='ELECTABLE'}, Tag{name='provider', value='GCP'}, Tag{name='region', value='SOUTH_AMERICA_EAST_1'}, Tag{name='workloadType', value='OPERATIONAL'}]}, electionId=null, setVersion=15, topologyVersion=TopologyVersion{processId=67238e4934cadd4c28d836ee, counter=4}, lastWriteDate=Sun Nov 03 00:14:51 BRT 2024, lastUpdateTimeNanos=24541491752900}
2024-11-03 00:14:24,684 INFO com.mongodb.internal.diagnostics.logging.SLF4JLogger [cluster-ClusterId{value='6726ea18ad72804cd601be9d', description='null'}-ac-tmdvcbz-shard-00-02.dddrndp.mongodb.net:27017] Monitor thread successfully connected to server with description ServerDescription{address=ac-tmdvcbz-shard-00-02.dddrndp.mongodb.net:27017, type=REPLICA_SET_SECONDARY, state=CONNECTED, ok=true, minWireVersion=0, maxWireVersion=21, maxDocumentSize=16777216, logicalSessionTimeoutMinutes=30, roundTripTimeNanos=220951200, setName='atlas-qhvfd0-shard-0', canonicalAddress=ac-tmdvcbz-shard-00-02.dddrndp.mongodb.net:27017, hosts=[ac-tmdvcbz-shard-00-02.dddrndp.mongodb.net:27017, ac-tmdvcbz-shard-00-00.dddrndp.mongodb.net:27017, ac-tmdvcbz-shard-00-01.dddrndp.mongodb.net:27017], passives=[], arbiters=[], primary='ac-tmdvcbz-shard-00-01.dddrndp.mongodb.net:27017', tagSet=TagSet{[Tag{name='availabilityZone', value='southamerica-east1-c'}, Tag{name='diskState', value='READY'}, Tag{name='nodeType', value='ELECTABLE'}, Tag{name='provider', value='GCP'}, Tag{name='region', value='SOUTH_AMERICA_EAST_1'}, Tag{name='workloadType', value='OPERATIONAL'}]}, electionId=null, setVersion=15, topologyVersion=TopologyVersion{processId=67238e970a379f77d23030bd, counter=3}, lastWriteDate=Sun Nov 03 00:14:51 BRT 2024, lastUpdateTimeNanos=24541491752900}
2024-11-03 00:14:24,684 INFO com.mongodb.internal.diagnostics.logging.SLF4JLogger [cluster-ClusterId{value='6726ea18ad72804cd601be9d', description='null'}-ac-tmdvcbz-shard-00-01.dddrndp.mongodb.net:27017] Monitor thread successfully connected to server with description ServerDescription{address=ac-tmdvcbz-shard-00-01.dddrndp.mongodb.net:27017, type=REPLICA_SET_PRIMARY, state=CONNECTED, ok=true, minWireVersion=0, maxWireVersion=21, maxDocumentSize=16777216, logicalSessionTimeoutMinutes=30, roundTripTimeNanos=220983500, setName='atlas-qhvfd0-shard-0', canonicalAddress=ac-tmdvcbz-shard-00-01.dddrndp.mongodb.net:27017, hosts=[ac-tmdvcbz-shard-00-02.dddrndp.mongodb.net:27017, ac-tmdvcbz-shard-00-00.dddrndp.mongodb.net:27017, ac-tmdvcbz-shard-00-01.dddrndp.mongodb.net:27017], passives=[], arbiters=[], primary='ac-tmdvcbz-shard-00-01.dddrndp.mongodb.net:27017', tagSet=TagSet{[Tag{name='availabilityZone', value='southamerica-east1-b'}, Tag{name='diskState', value='READY'}, Tag{name='nodeType', value='ELECTABLE'}, Tag{name='provider', value='GCP'}, Tag{name='region', value='SOUTH_AMERICA_EAST_1'}, Tag{name='workloadType', value='OPERATIONAL'}]}, electionId=7fffffff00000000000007ba, setVersion=15, topologyVersion=TopologyVersion{processId=67238e7080d11e0c0cb7fe05, counter=6}, lastWriteDate=Sun Nov 03 00:14:51 BRT 2024, lastUpdateTimeNanos=24541491752900}
2024-11-03 00:14:24,686 INFO com.mongodb.internal.diagnostics.logging.SLF4JLogger [cluster-ClusterId{value='6726ea18ad72804cd601be9d', description='null'}-ac-tmdvcbz-shard-00-01.dddrndp.mongodb.net:27017] Discovered cluster type of REPLICA_SET
2024-11-03 00:14:24,687 INFO com.mongodb.internal.diagnostics.logging.SLF4JLogger [cluster-ClusterId{value='6726ea18ad72804cd601be9d', description='null'}-ac-tmdvcbz-shard-00-01.dddrndp.mongodb.net:27017] Discovered replica set primary ac-tmdvcbz-shard-00-01.dddrndp.mongodb.net:27017 with max election id 7fffffff00000000000007ba and max set version 15
2024-11-03 02:07:07,350 INFO org.springframework.boot.StartupInfoLogger [main] Starting MazebankApplication using Java 17.0.2 on HTPC with PID 2884 (E:\hthen\Projetos\Java\mazebank\target\classes started by hthen in E:\hthen\Projetos\Java\mazebank)
2024-11-03 02:07:07,353 INFO org.springframework.boot.SpringApplication [main] No active profile set, falling back to 1 default profile: "default"
2024-11-03 02:07:08,251 INFO org.springframework.boot.web.embedded.tomcat.TomcatWebServer [main] Tomcat initialized with port(s): 8081 (http)
2024-11-03 02:07:08,261 INFO org.apache.juli.logging.DirectJDKLog [main] Initializing ProtocolHandler ["http-nio-8081"]
2024-11-03 02:07:08,261 INFO org.apache.juli.logging.DirectJDKLog [main] Starting service [Tomcat]
2024-11-03 02:07:08,262 INFO org.apache.juli.logging.DirectJDKLog [main] Starting Servlet engine: [Apache Tomcat/9.0.63]
2024-11-03 02:07:08,339 INFO org.apache.juli.logging.DirectJDKLog [main] Initializing Spring embedded WebApplicationContext
2024-11-03 02:07:08,339 INFO org.springframework.boot.web.servlet.context.ServletWebServerApplicationContext [main] Root WebApplicationContext: initialization completed in 935 ms
2024-11-03 02:07:08,511 INFO com.mongodb.internal.diagnostics.logging.SLF4JLogger [cluster-ClusterId{value='672704fc4495a0015250f2a6', description='null'}-srv-mazebankcluster.dddrndp.mongodb.net] Adding discovered server ac-tmdvcbz-shard-00-02.dddrndp.mongodb.net:27017 to client view of cluster
2024-11-03 02:07:08,515 INFO com.mongodb.internal.diagnostics.logging.SLF4JLogger [main] MongoClient with metadata {"driver": {"name": "mongo-java-driver|sync", "version": "4.10.2"}, "os": {"type": "Windows", "name": "Windows 11", "architecture": "amd64", "version": "10.0"}, "platform": "Java/Oracle Corporation/17.0.2+8-86"} created with settings MongoClientSettings{readPreference=primary, writeConcern=WriteConcern{w=majority, wTimeout=null ms, journal=null}, retryWrites=true, retryReads=true, readConcern=ReadConcern{level=null}, credential=MongoCredential{mechanism=null, userName='mazebank', source='admin', password=<hidden>, mechanismProperties=<hidden>}, streamFactoryFactory=null, commandListeners=[], codecRegistry=ProvidersCodecRegistry{codecProviders=[ValueCodecProvider{}, BsonValueCodecProvider{}, DBRefCodecProvider{}, DBObjectCodecProvider{}, DocumentCodecProvider{}, CollectionCodecProvider{}, IterableCodecProvider{}, MapCodecProvider{}, GeoJsonCodecProvider{}, GridFSFileCodecProvider{}, Jsr310CodecProvider{}, JsonObjectCodecProvider{}, BsonCodecProvider{}, EnumCodecProvider{}, com.mongodb.client.model.mql.ExpressionCodecProvider@427ae189, com.mongodb.Jep395RecordCodecProvider@16a9eb2e, com.mongodb.KotlinCodecProvider@76332405]}, loggerSettings=LoggerSettings{maxDocumentLength=1000}, clusterSettings={hosts=[127.0.0.1:27017], srvHost=mazebankcluster.dddrndp.mongodb.net, srvServiceName=mongodb, mode=MULTIPLE, requiredClusterType=REPLICA_SET, requiredReplicaSetName='atlas-qhvfd0-shard-0', serverSelector='null', clusterListeners='[]', serverSelectionTimeout='30000 ms', localThreshold='30000 ms'}, socketSettings=SocketSettings{connectTimeoutMS=10000, readTimeoutMS=0, receiveBufferSize=0, sendBufferSize=0}, heartbeatSocketSettings=SocketSettings{connectTimeoutMS=10000, readTimeoutMS=10000, receiveBufferSize=0, sendBufferSize=0}, connectionPoolSettings=ConnectionPoolSettings{maxSize=100, minSize=0, maxWaitTimeMS=120000, maxConnectionLifeTimeMS=0, maxConnectionIdleTimeMS=0, maintenanceInitialDelayMS=0, maintenanceFrequencyMS=60000, connectionPoolListeners=[], maxConnecting=2}, serverSettings=ServerSettings{heartbeatFrequencyMS=10000, minHeartbeatFrequencyMS=500, serverListeners='[]', serverMonitorListeners='[]'}, sslSettings=SslSettings{enabled=true, invalidHostNameAllowed=false, context=null}, applicationName='null', compressorList=[], uuidRepresentation=UNSPECIFIED, serverApi=ServerApi{version=V1, deprecationErrors=null, strict=null}, autoEncryptionSettings=null, dnsClient=null, inetAddressResolver=null, contextProvider=null}
2024-11-03 02:07:08,535 INFO com.mongodb.internal.diagnostics.logging.SLF4JLogger [cluster-ClusterId{value='672704fc4495a0015250f2a6', description='null'}-srv-mazebankcluster.dddrndp.mongodb.net] Adding discovered server ac-tmdvcbz-shard-00-00.dddrndp.mongodb.net:27017 to client view of cluster
2024-11-03 02:07:08,536 INFO com.mongodb.internal.diagnostics.logging.SLF4JLogger [cluster-ClusterId{value='672704fc4495a0015250f2a6', description='null'}-srv-mazebankcluster.dddrndp.mongodb.net] Adding discovered server ac-tmdvcbz-shard-00-01.dddrndp.mongodb.net:27017 to client view of cluster
2024-11-03 02:07:09,103 INFO org.apache.juli.logging.DirectJDKLog [main] Starting ProtocolHandler ["http-nio-8081"]
2024-11-03 02:07:09,105 INFO com.mongodb.internal.diagnostics.logging.SLF4JLogger [cluster-ClusterId{value='672704fc4495a0015250f2a6', description='null'}-ac-tmdvcbz-shard-00-00.dddrndp.mongodb.net:27017] Monitor thread successfully connected to server with description ServerDescription{address=ac-tmdvcbz-shard-00-00.dddrndp.mongodb.net:27017, type=REPLICA_SET_SECONDARY, state=CONNECTED, ok=true, minWireVersion=0, maxWireVersion=21, maxDocumentSize=16777216, logicalSessionTimeoutMinutes=30, roundTripTimeNanos=336655900, setName='atlas-qhvfd0-shard-0', canonicalAddress=ac-tmdvcbz-shard-00-00.dddrndp.mongodb.net:27017, hosts=[ac-tmdvcbz-shard-00-02.dddrndp.mongodb.net:27017, ac-tmdvcbz-shard-00-00.dddrndp.mongodb.net:27017, ac-tmdvcbz-shard-00-01.dddrndp.mongodb.net:27017], passives=[], arbiters=[], primary='ac-tmdvcbz-shard-00-01.dddrndp.mongodb.net:27017', tagSet=TagSet{[Tag{name='availabilityZone', value='southamerica-east1-a'}, Tag{name='diskState', value='READY'}, Tag{name='nodeType', value='ELECTABLE'}, Tag{name='provider', value='GCP'}, Tag{name='region', value='SOUTH_AMERICA_EAST_1'}, Tag{name='workloadType', value='OPERATIONAL'}]}, electionId=null, setVersion=15, topologyVersion=TopologyVersion{processId=67238e4934cadd4c28d836ee, counter=4}, lastWriteDate=Sun Nov 03 02:07:36 BRT 2024, lastUpdateTimeNanos=31305911877200}
2024-11-03 02:07:09,105 INFO com.mongodb.internal.diagnostics.logging.SLF4JLogger [cluster-ClusterId{value='672704fc4495a0015250f2a6', description='null'}-ac-tmdvcbz-shard-00-02.dddrndp.mongodb.net:27017] Monitor thread successfully connected to server with description ServerDescription{address=ac-tmdvcbz-shard-00-02.dddrndp.mongodb.net:27017, type=REPLICA_SET_SECONDARY, state=CONNECTED, ok=true, minWireVersion=0, maxWireVersion=21, maxDocumentSize=16777216, logicalSessionTimeoutMinutes=30, roundTripTimeNanos=336654900, setName='atlas-qhvfd0-shard-0', canonicalAddress=ac-tmdvcbz-shard-00-02.dddrndp.mongodb.net:27017, hosts=[ac-tmdvcbz-shard-00-02.dddrndp.mongodb.net:27017, ac-tmdvcbz-shard-00-00.dddrndp.mongodb.net:27017, ac-tmdvcbz-shard-00-01.dddrndp.mongodb.net:27017], passives=[], arbiters=[], primary='ac-tmdvcbz-shard-00-01.dddrndp.mongodb.net:27017', tagSet=TagSet{[Tag{name='availabilityZone', value='southamerica-east1-c'}, Tag{name='diskState', value='READY'}, Tag{name='nodeType', value='ELECTABLE'}, Tag{name='provider', value='GCP'}, Tag{name='region', value='SOUTH_AMERICA_EAST_1'}, Tag{name='workloadType', value='OPERATIONAL'}]}, electionId=null, setVersion=15, topologyVersion=TopologyVersion{processId=67238e970a379f77d23030bd, counter=3}, lastWriteDate=Sun Nov 03 02:07:36 BRT 2024, lastUpdateTimeNanos=31305911872400}
2024-11-03 02:07:09,105 INFO com.mongodb.internal.diagnostics.logging.SLF4JLogger [cluster-ClusterId{value='672704fc4495a0015250f2a6', description='null'}-ac-tmdvcbz-shard-00-01.dddrndp.mongodb.net:27017] Monitor thread successfully connected to server with description ServerDescription{address=ac-tmdvcbz-shard-00-01.dddrndp.mongodb.net:27017, type=REPLICA_SET_PRIMARY, state=CONNECTED, ok=true, minWireVersion=0, maxWireVersion=21, maxDocumentSize=16777216, logicalSessionTimeoutMinutes=30, roundTripTimeNanos=336633500, setName='atlas-qhvfd0-shard-0', canonicalAddress=ac-tmdvcbz-shard-00-01.dddrndp.mongodb.net:27017, hosts=[ac-tmdvcbz-shard-00-02.dddrndp.mongodb.net:27017, ac-tmdvcbz-shard-00-00.dddrndp.mongodb.net:27017, ac-tmdvcbz-shard-00-01.dddrndp.mongodb.net:27017], passives=[], arbiters=[], primary='ac-tmdvcbz-shard-00-01.dddrndp.mongodb.net:27017', tagSet=TagSet{[Tag{name='availabilityZone', value='southamerica-east1-b'}, Tag{name='diskState', value='READY'}, Tag{name='nodeType', value='ELECTABLE'}, Tag{name='provider', value='GCP'}, Tag{name='region', value='SOUTH_AMERICA_EAST_1'}, Tag{name='workloadType', value='OPERATIONAL'}]}, electionId=7fffffff00000000000007ba, setVersion=15, topologyVersion=TopologyVersion{processId=67238e7080d11e0c0cb7fe05, counter=6}, lastWriteDate=Sun Nov 03 02:07:36 BRT 2024, lastUpdateTimeNanos=31305911872500}
2024-11-03 02:07:09,115 INFO com.mongodb.internal.diagnostics.logging.SLF4JLogger [cluster-ClusterId{value='672704fc4495a0015250f2a6', description='null'}-ac-tmdvcbz-shard-00-01.dddrndp.mongodb.net:27017] Discovered replica set primary ac-tmdvcbz-shard-00-01.dddrndp.mongodb.net:27017 with max election id 7fffffff00000000000007ba and max set version 15
2024-11-03 02:07:09,146 INFO org.springframework.boot.web.embedded.tomcat.TomcatWebServer [main] Tomcat started on port(s): 8081 (http) with context path '/mazebank'
2024-11-03 02:07:09,162 INFO org.springframework.boot.StartupInfoLogger [main] Started MazebankApplication in 2.185 seconds (JVM running for 2.588)
2026-04-03 18:43:59,980 INFO org.springframework.boot.StartupInfoLogger [main] Starting MazebankApplication using Java 17.0.12 on itsHnrq-PC with PID 2920 (I:\Projetos\Java\mazebank\target\classes started by hthen in I:\Projetos\Java\mazebank)
2026-04-03 18:43:59,993 INFO org.springframework.boot.SpringApplication [main] The following 1 profile is active: "local"
2026-04-03 18:44:01,071 INFO org.springframework.boot.web.embedded.tomcat.TomcatWebServer [main] Tomcat initialized with port(s): 8081 (http)
2026-04-03 18:44:01,078 INFO org.apache.juli.logging.DirectJDKLog [main] Initializing ProtocolHandler ["http-nio-8081"]
2026-04-03 18:44:01,078 INFO org.apache.juli.logging.DirectJDKLog [main] Starting service [Tomcat]
2026-04-03 18:44:01,079 INFO org.apache.juli.logging.DirectJDKLog [main] Starting Servlet engine: [Apache Tomcat/9.0.63]
2026-04-03 18:44:01,154 INFO org.apache.juli.logging.DirectJDKLog [main] Initializing Spring embedded WebApplicationContext
2026-04-03 18:44:01,154 INFO org.springframework.boot.web.servlet.context.ServletWebServerApplicationContext [main] Root WebApplicationContext: initialization completed in 1108 ms
2026-04-03 18:44:01,495 INFO com.mongodb.internal.diagnostics.logging.SLF4JLogger [cluster-ClusterId{value='69d034a1536c5133294510b5', description='null'}-srv-mazebankcluster.dddrndp.mongodb.net] Exception while resolving SRV records
com.mongodb.MongoConfigurationException: Failed looking up SRV record for '_mongodb._tcp.mazebankcluster.dddrndp.mongodb.net'.
	at com.mongodb.internal.dns.DefaultDnsResolver.resolveHostFromSrvRecords(DefaultDnsResolver.java:96)
	at com.mongodb.internal.connection.DefaultDnsSrvRecordMonitor$DnsSrvRecordMonitorRunnable.run(DefaultDnsSrvRecordMonitor.java:80)
	at java.base/java.lang.Thread.run(Thread.java:842)
Caused by: com.mongodb.spi.dns.DnsWithResponseCodeException: DNS name not found [response code 3]
	at com.mongodb.internal.dns.JndiDnsClient.getResourceRecordData(JndiDnsClient.java:52)
	at com.mongodb.internal.dns.DefaultDnsResolver.resolveHostFromSrvRecords(DefaultDnsResolver.java:78)
	... 2 common frames omitted
Caused by: javax.naming.NameNotFoundException: DNS name not found [response code 3]
	at jdk.naming.dns/com.sun.jndi.dns.DnsClient.checkResponseCode(DnsClient.java:659)
	at jdk.naming.dns/com.sun.jndi.dns.DnsClient.isMatchResponse(DnsClient.java:577)
	at jdk.naming.dns/com.sun.jndi.dns.DnsClient.doUdpQuery(DnsClient.java:429)
	at jdk.naming.dns/com.sun.jndi.dns.DnsClient.query(DnsClient.java:214)
	at jdk.naming.dns/com.sun.jndi.dns.Resolver.query(Resolver.java:81)
	at jdk.naming.dns/com.sun.jndi.dns.DnsContext.c_getAttributes(DnsContext.java:434)
	at java.naming/com.sun.jndi.toolkit.ctx.ComponentDirContext.p_getAttributes(ComponentDirContext.java:235)
	at java.naming/com.sun.jndi.toolkit.ctx.PartialCompositeDirContext.getAttributes(PartialCompositeDirContext.java:141)
	at java.naming/com.sun.jndi.toolkit.ctx.PartialCompositeDirContext.getAttributes(PartialCompositeDirContext.java:129)
	at java.naming/javax.naming.directory.InitialDirContext.getAttributes(InitialDirContext.java:171)
	at com.mongodb.internal.dns.JndiDnsClient.getResourceRecordData(JndiDnsClient.java:41)
	... 3 common frames omitted
2026-04-03 18:44:01,500 INFO com.mongodb.internal.diagnostics.logging.SLF4JLogger [main] MongoClient with metadata {"driver": {"name": "mongo-java-driver|sync", "version": "4.10.2"}, "os": {"type": "Windows", "name": "Windows 11", "architecture": "amd64", "version": "10.0"}, "platform": "Java/Oracle Corporation/17.0.12+8-LTS-286"} created with settings MongoClientSettings{readPreference=primary, writeConcern=WriteConcern{w=majority, wTimeout=null ms, journal=null}, retryWrites=true, retryReads=true, readConcern=ReadConcern{level=null}, credential=MongoCredential{mechanism=null, userName='mazebank', source='admin', password=<hidden>, mechanismProperties=<hidden>}, streamFactoryFactory=null, commandListeners=[], codecRegistry=ProvidersCodecRegistry{codecProviders=[ValueCodecProvider{}, BsonValueCodecProvider{}, DBRefCodecProvider{}, DBObjectCodecProvider{}, DocumentCodecProvider{}, CollectionCodecProvider{}, IterableCodecProvider{}, MapCodecProvider{}, GeoJsonCodecProvider{}, GridFSFileCodecProvider{}, Jsr310CodecProvider{}, JsonObjectCodecProvider{}, BsonCodecProvider{}, EnumCodecProvider{}, com.mongodb.client.model.mql.ExpressionCodecProvider@708eb310, com.mongodb.Jep395RecordCodecProvider@6ebc9573, com.mongodb.KotlinCodecProvider@1e977098]}, loggerSettings=LoggerSettings{maxDocumentLength=1000}, clusterSettings={hosts=[127.0.0.1:27017], srvHost=mazebankcluster.dddrndp.mongodb.net, srvServiceName=mongodb, mode=MULTIPLE, requiredClusterType=UNKNOWN, requiredReplicaSetName='null', serverSelector='null', clusterListeners='[]', serverSelectionTimeout='30000 ms', localThreshold='30000 ms'}, socketSettings=SocketSettings{connectTimeoutMS=10000, readTimeoutMS=0, receiveBufferSize=0, sendBufferSize=0}, heartbeatSocketSettings=SocketSettings{connectTimeoutMS=10000, readTimeoutMS=10000, receiveBufferSize=0, sendBufferSize=0}, connectionPoolSettings=ConnectionPoolSettings{maxSize=100, minSize=0, maxWaitTimeMS=120000, maxConnectionLifeTimeMS=0, maxConnectionIdleTimeMS=0, maintenanceInitialDelayMS=0, maintenanceFrequencyMS=60000, connectionPoolListeners=[], maxConnecting=2}, serverSettings=ServerSettings{heartbeatFrequencyMS=10000, minHeartbeatFrequencyMS=500, serverListeners='[]', serverMonitorListeners='[]'}, sslSettings=SslSettings{enabled=true, invalidHostNameAllowed=false, context=null}, applicationName='null', compressorList=[], uuidRepresentation=UNSPECIFIED, serverApi=ServerApi{version=V1, deprecationErrors=null, strict=null}, autoEncryptionSettings=null, dnsClient=null, inetAddressResolver=null, contextProvider=null}
2026-04-03 18:44:01,876 INFO org.springframework.boot.actuate.endpoint.web.EndpointLinksResolver [main] Exposing 2 endpoint(s) beneath base path '/actuator'
2026-04-03 18:44:01,897 INFO org.apache.juli.logging.DirectJDKLog [main] Starting ProtocolHandler ["http-nio-8081"]
2026-04-03 18:44:01,935 INFO org.springframework.boot.web.embedded.tomcat.TomcatWebServer [main] Tomcat started on port(s): 8081 (http) with context path '/mazebank'
2026-04-03 18:44:01,950 INFO org.springframework.boot.StartupInfoLogger [main] Started MazebankApplication in 2.357 seconds (JVM running for 3.118)
2026-04-03 18:44:11,518 INFO com.mongodb.internal.diagnostics.logging.SLF4JLogger [cluster-ClusterId{value='69d034a1536c5133294510b5', description='null'}-srv-mazebankcluster.dddrndp.mongodb.net] Exception while resolving SRV records
com.mongodb.MongoConfigurationException: Failed looking up SRV record for '_mongodb._tcp.mazebankcluster.dddrndp.mongodb.net'.
	at com.mongodb.internal.dns.DefaultDnsResolver.resolveHostFromSrvRecords(DefaultDnsResolver.java:96)
	at com.mongodb.internal.connection.DefaultDnsSrvRecordMonitor$DnsSrvRecordMonitorRunnable.run(DefaultDnsSrvRecordMonitor.java:80)
	at java.base/java.lang.Thread.run(Thread.java:842)
Caused by: com.mongodb.spi.dns.DnsWithResponseCodeException: DNS name not found [response code 3]
	at com.mongodb.internal.dns.JndiDnsClient.getResourceRecordData(JndiDnsClient.java:52)
	at com.mongodb.internal.dns.DefaultDnsResolver.resolveHostFromSrvRecords(DefaultDnsResolver.java:78)
	... 2 common frames omitted
Caused by: javax.naming.NameNotFoundException: DNS name not found [response code 3]
	at jdk.naming.dns/com.sun.jndi.dns.DnsClient.checkResponseCode(DnsClient.java:659)
	at jdk.naming.dns/com.sun.jndi.dns.DnsClient.isMatchResponse(DnsClient.java:577)
	at jdk.naming.dns/com.sun.jndi.dns.DnsClient.doUdpQuery(DnsClient.java:429)
	at jdk.naming.dns/com.sun.jndi.dns.DnsClient.query(DnsClient.java:214)
	at jdk.naming.dns/com.sun.jndi.dns.Resolver.query(Resolver.java:81)
	at jdk.naming.dns/com.sun.jndi.dns.DnsContext.c_getAttributes(DnsContext.java:434)
	at java.naming/com.sun.jndi.toolkit.ctx.ComponentDirContext.p_getAttributes(ComponentDirContext.java:235)
	at java.naming/com.sun.jndi.toolkit.ctx.PartialCompositeDirContext.getAttributes(PartialCompositeDirContext.java:141)
	at java.naming/com.sun.jndi.toolkit.ctx.PartialCompositeDirContext.getAttributes(PartialCompositeDirContext.java:129)
	at java.naming/javax.naming.directory.InitialDirContext.getAttributes(InitialDirContext.java:171)
	at com.mongodb.internal.dns.JndiDnsClient.getResourceRecordData(JndiDnsClient.java:41)
	... 3 common frames omitted
2026-04-03 18:44:46,269 INFO org.springframework.boot.StartupInfoLogger [main] Starting MazebankApplication using Java 17.0.12 on itsHnrq-PC with PID 6068 (I:\Projetos\Java\mazebank\target\classes started by hthen in I:\Projetos\Java\mazebank)
2026-04-03 18:44:46,273 INFO org.springframework.boot.SpringApplication [main] The following 1 profile is active: "local"
2026-04-03 18:44:47,396 INFO org.springframework.boot.web.embedded.tomcat.TomcatWebServer [main] Tomcat initialized with port(s): 8081 (http)
2026-04-03 18:44:47,403 INFO org.apache.juli.logging.DirectJDKLog [main] Initializing ProtocolHandler ["http-nio-8081"]
2026-04-03 18:44:47,403 INFO org.apache.juli.logging.DirectJDKLog [main] Starting service [Tomcat]
2026-04-03 18:44:47,404 INFO org.apache.juli.logging.DirectJDKLog [main] Starting Servlet engine: [Apache Tomcat/9.0.63]
2026-04-03 18:44:47,488 INFO org.apache.juli.logging.DirectJDKLog [main] Initializing Spring embedded WebApplicationContext
2026-04-03 18:44:47,489 INFO org.springframework.boot.web.servlet.context.ServletWebServerApplicationContext [main] Root WebApplicationContext: initialization completed in 1167 ms
2026-04-03 18:44:47,754 INFO com.mongodb.internal.diagnostics.logging.SLF4JLogger [cluster-ClusterId{value='69d034cf60851a6cb962a05b', description='null'}-srv-mazebankcluster.dddrndp.mongodb.net] Exception while resolving SRV records
com.mongodb.MongoConfigurationException: Failed looking up SRV record for '_mongodb._tcp.mazebankcluster.dddrndp.mongodb.net'.
	at com.mongodb.internal.dns.DefaultDnsResolver.resolveHostFromSrvRecords(DefaultDnsResolver.java:96)
	at com.mongodb.internal.connection.DefaultDnsSrvRecordMonitor$DnsSrvRecordMonitorRunnable.run(DefaultDnsSrvRecordMonitor.java:80)
	at java.base/java.lang.Thread.run(Thread.java:842)
Caused by: com.mongodb.spi.dns.DnsWithResponseCodeException: DNS name not found [response code 3]
	at com.mongodb.internal.dns.JndiDnsClient.getResourceRecordData(JndiDnsClient.java:52)
	at com.mongodb.internal.dns.DefaultDnsResolver.resolveHostFromSrvRecords(DefaultDnsResolver.java:78)
	... 2 common frames omitted
Caused by: javax.naming.NameNotFoundException: DNS name not found [response code 3]
	at jdk.naming.dns/com.sun.jndi.dns.DnsClient.checkResponseCode(DnsClient.java:659)
	at jdk.naming.dns/com.sun.jndi.dns.DnsClient.isMatchResponse(DnsClient.java:577)
	at jdk.naming.dns/com.sun.jndi.dns.DnsClient.doUdpQuery(DnsClient.java:429)
	at jdk.naming.dns/com.sun.jndi.dns.DnsClient.query(DnsClient.java:214)
	at jdk.naming.dns/com.sun.jndi.dns.Resolver.query(Resolver.java:81)
	at jdk.naming.dns/com.sun.jndi.dns.DnsContext.c_getAttributes(DnsContext.java:434)
	at java.naming/com.sun.jndi.toolkit.ctx.ComponentDirContext.p_getAttributes(ComponentDirContext.java:235)
	at java.naming/com.sun.jndi.toolkit.ctx.PartialCompositeDirContext.getAttributes(PartialCompositeDirContext.java:141)
	at java.naming/com.sun.jndi.toolkit.ctx.PartialCompositeDirContext.getAttributes(PartialCompositeDirContext.java:129)
	at java.naming/javax.naming.directory.InitialDirContext.getAttributes(InitialDirContext.java:171)
	at com.mongodb.internal.dns.JndiDnsClient.getResourceRecordData(JndiDnsClient.java:41)
	... 3 common frames omitted
2026-04-03 18:44:47,763 INFO com.mongodb.internal.diagnostics.logging.SLF4JLogger [main] MongoClient with metadata {"driver": {"name": "mongo-java-driver|sync", "version": "4.10.2"}, "os": {"type": "Windows", "name": "Windows 11", "architecture": "amd64", "version": "10.0"}, "platform": "Java/Oracle Corporation/17.0.12+8-LTS-286"} created with settings MongoClientSettings{readPreference=primary, writeConcern=WriteConcern{w=majority, wTimeout=null ms, journal=null}, retryWrites=true, retryReads=true, readConcern=ReadConcern{level=null}, credential=MongoCredential{mechanism=null, userName='mazebank', source='admin', password=<hidden>, mechanismProperties=<hidden>}, streamFactoryFactory=null, commandListeners=[], codecRegistry=ProvidersCodecRegistry{codecProviders=[ValueCodecProvider{}, BsonValueCodecProvider{}, DBRefCodecProvider{}, DBObjectCodecProvider{}, DocumentCodecProvider{}, CollectionCodecProvider{}, IterableCodecProvider{}, MapCodecProvider{}, GeoJsonCodecProvider{}, GridFSFileCodecProvider{}, Jsr310CodecProvider{}, JsonObjectCodecProvider{}, BsonCodecProvider{}, EnumCodecProvider{}, com.mongodb.client.model.mql.ExpressionCodecProvider@33379242, com.mongodb.Jep395RecordCodecProvider@2e32fc22, com.mongodb.KotlinCodecProvider@3f5156a6]}, loggerSettings=LoggerSettings{maxDocumentLength=1000}, clusterSettings={hosts=[127.0.0.1:27017], srvHost=mazebankcluster.dddrndp.mongodb.net, srvServiceName=mongodb, mode=MULTIPLE, requiredClusterType=UNKNOWN, requiredReplicaSetName='null', serverSelector='null', clusterListeners='[]', serverSelectionTimeout='30000 ms', localThreshold='30000 ms'}, socketSettings=SocketSettings{connectTimeoutMS=10000, readTimeoutMS=0, receiveBufferSize=0, sendBufferSize=0}, heartbeatSocketSettings=SocketSettings{connectTimeoutMS=10000, readTimeoutMS=10000, receiveBufferSize=0, sendBufferSize=0}, connectionPoolSettings=ConnectionPoolSettings{maxSize=100, minSize=0, maxWaitTimeMS=120000, maxConnectionLifeTimeMS=0, maxConnectionIdleTimeMS=0, maintenanceInitialDelayMS=0, maintenanceFrequencyMS=60000, connectionPoolListeners=[], maxConnecting=2}, serverSettings=ServerSettings{heartbeatFrequencyMS=10000, minHeartbeatFrequencyMS=500, serverListeners='[]', serverMonitorListeners='[]'}, sslSettings=SslSettings{enabled=true, invalidHostNameAllowed=false, context=null}, applicationName='null', compressorList=[], uuidRepresentation=UNSPECIFIED, serverApi=ServerApi{version=V1, deprecationErrors=null, strict=null}, autoEncryptionSettings=null, dnsClient=null, inetAddressResolver=null, contextProvider=null}
2026-04-03 18:44:48,130 INFO org.springframework.boot.actuate.endpoint.web.EndpointLinksResolver [main] Exposing 2 endpoint(s) beneath base path '/actuator'
2026-04-03 18:44:48,152 INFO org.apache.juli.logging.DirectJDKLog [main] Starting ProtocolHandler ["http-nio-8081"]
2026-04-03 18:44:48,179 INFO org.springframework.boot.web.embedded.tomcat.TomcatWebServer [main] Tomcat started on port(s): 8081 (http) with context path '/mazebank'
2026-04-03 18:44:48,191 INFO org.springframework.boot.StartupInfoLogger [main] Started MazebankApplication in 2.255 seconds (JVM running for 2.721)
2026-04-03 18:44:57,770 INFO com.mongodb.internal.diagnostics.logging.SLF4JLogger [cluster-ClusterId{value='69d034cf60851a6cb962a05b', description='null'}-srv-mazebankcluster.dddrndp.mongodb.net] Exception while resolving SRV records
com.mongodb.MongoConfigurationException: Failed looking up SRV record for '_mongodb._tcp.mazebankcluster.dddrndp.mongodb.net'.
	at com.mongodb.internal.dns.DefaultDnsResolver.resolveHostFromSrvRecords(DefaultDnsResolver.java:96)
	at com.mongodb.internal.connection.DefaultDnsSrvRecordMonitor$DnsSrvRecordMonitorRunnable.run(DefaultDnsSrvRecordMonitor.java:80)
	at java.base/java.lang.Thread.run(Thread.java:842)
Caused by: com.mongodb.spi.dns.DnsWithResponseCodeException: DNS name not found [response code 3]
	at com.mongodb.internal.dns.JndiDnsClient.getResourceRecordData(JndiDnsClient.java:52)
	at com.mongodb.internal.dns.DefaultDnsResolver.resolveHostFromSrvRecords(DefaultDnsResolver.java:78)
	... 2 common frames omitted
Caused by: javax.naming.NameNotFoundException: DNS name not found [response code 3]
	at jdk.naming.dns/com.sun.jndi.dns.DnsClient.checkResponseCode(DnsClient.java:659)
	at jdk.naming.dns/com.sun.jndi.dns.DnsClient.isMatchResponse(DnsClient.java:577)
	at jdk.naming.dns/com.sun.jndi.dns.DnsClient.doUdpQuery(DnsClient.java:429)
	at jdk.naming.dns/com.sun.jndi.dns.DnsClient.query(DnsClient.java:214)
	at jdk.naming.dns/com.sun.jndi.dns.Resolver.query(Resolver.java:81)
	at jdk.naming.dns/com.sun.jndi.dns.DnsContext.c_getAttributes(DnsContext.java:434)
	at java.naming/com.sun.jndi.toolkit.ctx.ComponentDirContext.p_getAttributes(ComponentDirContext.java:235)
	at java.naming/com.sun.jndi.toolkit.ctx.PartialCompositeDirContext.getAttributes(PartialCompositeDirContext.java:141)
	at java.naming/com.sun.jndi.toolkit.ctx.PartialCompositeDirContext.getAttributes(PartialCompositeDirContext.java:129)
	at java.naming/javax.naming.directory.InitialDirContext.getAttributes(InitialDirContext.java:171)
	at com.mongodb.internal.dns.JndiDnsClient.getResourceRecordData(JndiDnsClient.java:41)
	... 3 common frames omitted
2026-04-03 18:45:07,788 INFO com.mongodb.internal.diagnostics.logging.SLF4JLogger [cluster-ClusterId{value='69d034cf60851a6cb962a05b', description='null'}-srv-mazebankcluster.dddrndp.mongodb.net] Exception while resolving SRV records
com.mongodb.MongoConfigurationException: Failed looking up SRV record for '_mongodb._tcp.mazebankcluster.dddrndp.mongodb.net'.
	at com.mongodb.internal.dns.DefaultDnsResolver.resolveHostFromSrvRecords(DefaultDnsResolver.java:96)
	at com.mongodb.internal.connection.DefaultDnsSrvRecordMonitor$DnsSrvRecordMonitorRunnable.run(DefaultDnsSrvRecordMonitor.java:80)
	at java.base/java.lang.Thread.run(Thread.java:842)
Caused by: com.mongodb.spi.dns.DnsWithResponseCodeException: DNS name not found [response code 3]
	at com.mongodb.internal.dns.JndiDnsClient.getResourceRecordData(JndiDnsClient.java:52)
	at com.mongodb.internal.dns.DefaultDnsResolver.resolveHostFromSrvRecords(DefaultDnsResolver.java:78)
	... 2 common frames omitted
Caused by: javax.naming.NameNotFoundException: DNS name not found [response code 3]
	at jdk.naming.dns/com.sun.jndi.dns.DnsClient.checkResponseCode(DnsClient.java:659)
	at jdk.naming.dns/com.sun.jndi.dns.DnsClient.isMatchResponse(DnsClient.java:577)
	at jdk.naming.dns/com.sun.jndi.dns.DnsClient.doUdpQuery(DnsClient.java:429)
	at jdk.naming.dns/com.sun.jndi.dns.DnsClient.query(DnsClient.java:214)
	at jdk.naming.dns/com.sun.jndi.dns.Resolver.query(Resolver.java:81)
	at jdk.naming.dns/com.sun.jndi.dns.DnsContext.c_getAttributes(DnsContext.java:434)
	at java.naming/com.sun.jndi.toolkit.ctx.ComponentDirContext.p_getAttributes(ComponentDirContext.java:235)
	at java.naming/com.sun.jndi.toolkit.ctx.PartialCompositeDirContext.getAttributes(PartialCompositeDirContext.java:141)
	at java.naming/com.sun.jndi.toolkit.ctx.PartialCompositeDirContext.getAttributes(PartialCompositeDirContext.java:129)
	at java.naming/javax.naming.directory.InitialDirContext.getAttributes(InitialDirContext.java:171)
	at com.mongodb.internal.dns.JndiDnsClient.getResourceRecordData(JndiDnsClient.java:41)
	... 3 common frames omitted
2026-04-03 18:45:17,799 INFO com.mongodb.internal.diagnostics.logging.SLF4JLogger [cluster-ClusterId{value='69d034cf60851a6cb962a05b', description='null'}-srv-mazebankcluster.dddrndp.mongodb.net] Exception while resolving SRV records
com.mongodb.MongoConfigurationException: Failed looking up SRV record for '_mongodb._tcp.mazebankcluster.dddrndp.mongodb.net'.
	at com.mongodb.internal.dns.DefaultDnsResolver.resolveHostFromSrvRecords(DefaultDnsResolver.java:96)
	at com.mongodb.internal.connection.DefaultDnsSrvRecordMonitor$DnsSrvRecordMonitorRunnable.run(DefaultDnsSrvRecordMonitor.java:80)
	at java.base/java.lang.Thread.run(Thread.java:842)
Caused by: com.mongodb.spi.dns.DnsWithResponseCodeException: DNS name not found [response code 3]
	at com.mongodb.internal.dns.JndiDnsClient.getResourceRecordData(JndiDnsClient.java:52)
	at com.mongodb.internal.dns.DefaultDnsResolver.resolveHostFromSrvRecords(DefaultDnsResolver.java:78)
	... 2 common frames omitted
Caused by: javax.naming.NameNotFoundException: DNS name not found [response code 3]
	at jdk.naming.dns/com.sun.jndi.dns.DnsClient.checkResponseCode(DnsClient.java:659)
	at jdk.naming.dns/com.sun.jndi.dns.DnsClient.isMatchResponse(DnsClient.java:577)
	at jdk.naming.dns/com.sun.jndi.dns.DnsClient.doUdpQuery(DnsClient.java:429)
	at jdk.naming.dns/com.sun.jndi.dns.DnsClient.query(DnsClient.java:214)
	at jdk.naming.dns/com.sun.jndi.dns.Resolver.query(Resolver.java:81)
	at jdk.naming.dns/com.sun.jndi.dns.DnsContext.c_getAttributes(DnsContext.java:434)
	at java.naming/com.sun.jndi.toolkit.ctx.ComponentDirContext.p_getAttributes(ComponentDirContext.java:235)
	at java.naming/com.sun.jndi.toolkit.ctx.PartialCompositeDirContext.getAttributes(PartialCompositeDirContext.java:141)
	at java.naming/com.sun.jndi.toolkit.ctx.PartialCompositeDirContext.getAttributes(PartialCompositeDirContext.java:129)
	at java.naming/javax.naming.directory.InitialDirContext.getAttributes(InitialDirContext.java:171)
	at com.mongodb.internal.dns.JndiDnsClient.getResourceRecordData(JndiDnsClient.java:41)
	... 3 common frames omitted
2026-04-03 18:45:27,817 INFO com.mongodb.internal.diagnostics.logging.SLF4JLogger [cluster-ClusterId{value='69d034cf60851a6cb962a05b', description='null'}-srv-mazebankcluster.dddrndp.mongodb.net] Exception while resolving SRV records
com.mongodb.MongoConfigurationException: Failed looking up SRV record for '_mongodb._tcp.mazebankcluster.dddrndp.mongodb.net'.
	at com.mongodb.internal.dns.DefaultDnsResolver.resolveHostFromSrvRecords(DefaultDnsResolver.java:96)
	at com.mongodb.internal.connection.DefaultDnsSrvRecordMonitor$DnsSrvRecordMonitorRunnable.run(DefaultDnsSrvRecordMonitor.java:80)
	at java.base/java.lang.Thread.run(Thread.java:842)
Caused by: com.mongodb.spi.dns.DnsWithResponseCodeException: DNS name not found [response code 3]
	at com.mongodb.internal.dns.JndiDnsClient.getResourceRecordData(JndiDnsClient.java:52)
	at com.mongodb.internal.dns.DefaultDnsResolver.resolveHostFromSrvRecords(DefaultDnsResolver.java:78)
	... 2 common frames omitted
Caused by: javax.naming.NameNotFoundException: DNS name not found [response code 3]
	at jdk.naming.dns/com.sun.jndi.dns.DnsClient.checkResponseCode(DnsClient.java:659)
	at jdk.naming.dns/com.sun.jndi.dns.DnsClient.isMatchResponse(DnsClient.java:577)
	at jdk.naming.dns/com.sun.jndi.dns.DnsClient.doUdpQuery(DnsClient.java:429)
	at jdk.naming.dns/com.sun.jndi.dns.DnsClient.query(DnsClient.java:214)
	at jdk.naming.dns/com.sun.jndi.dns.Resolver.query(Resolver.java:81)
	at jdk.naming.dns/com.sun.jndi.dns.DnsContext.c_getAttributes(DnsContext.java:434)
	at java.naming/com.sun.jndi.toolkit.ctx.ComponentDirContext.p_getAttributes(ComponentDirContext.java:235)
	at java.naming/com.sun.jndi.toolkit.ctx.PartialCompositeDirContext.getAttributes(PartialCompositeDirContext.java:141)
	at java.naming/com.sun.jndi.toolkit.ctx.PartialCompositeDirContext.getAttributes(PartialCompositeDirContext.java:129)
	at java.naming/javax.naming.directory.InitialDirContext.getAttributes(InitialDirContext.java:171)
	at com.mongodb.internal.dns.JndiDnsClient.getResourceRecordData(JndiDnsClient.java:41)
	... 3 common frames omitted
2026-04-03 18:45:37,827 INFO com.mongodb.internal.diagnostics.logging.SLF4JLogger [cluster-ClusterId{value='69d034cf60851a6cb962a05b', description='null'}-srv-mazebankcluster.dddrndp.mongodb.net] Exception while resolving SRV records
com.mongodb.MongoConfigurationException: Failed looking up SRV record for '_mongodb._tcp.mazebankcluster.dddrndp.mongodb.net'.
	at com.mongodb.internal.dns.DefaultDnsResolver.resolveHostFromSrvRecords(DefaultDnsResolver.java:96)
	at com.mongodb.internal.connection.DefaultDnsSrvRecordMonitor$DnsSrvRecordMonitorRunnable.run(DefaultDnsSrvRecordMonitor.java:80)
	at java.base/java.lang.Thread.run(Thread.java:842)
Caused by: com.mongodb.spi.dns.DnsWithResponseCodeException: DNS name not found [response code 3]
	at com.mongodb.internal.dns.JndiDnsClient.getResourceRecordData(JndiDnsClient.java:52)
	at com.mongodb.internal.dns.DefaultDnsResolver.resolveHostFromSrvRecords(DefaultDnsResolver.java:78)
	... 2 common frames omitted
Caused by: javax.naming.NameNotFoundException: DNS name not found [response code 3]
	at jdk.naming.dns/com.sun.jndi.dns.DnsClient.checkResponseCode(DnsClient.java:659)
	at jdk.naming.dns/com.sun.jndi.dns.DnsClient.isMatchResponse(DnsClient.java:577)
	at jdk.naming.dns/com.sun.jndi.dns.DnsClient.doUdpQuery(DnsClient.java:429)
	at jdk.naming.dns/com.sun.jndi.dns.DnsClient.query(DnsClient.java:214)
	at jdk.naming.dns/com.sun.jndi.dns.Resolver.query(Resolver.java:81)
	at jdk.naming.dns/com.sun.jndi.dns.DnsContext.c_getAttributes(DnsContext.java:434)
	at java.naming/com.sun.jndi.toolkit.ctx.ComponentDirContext.p_getAttributes(ComponentDirContext.java:235)
	at java.naming/com.sun.jndi.toolkit.ctx.PartialCompositeDirContext.getAttributes(PartialCompositeDirContext.java:141)
	at java.naming/com.sun.jndi.toolkit.ctx.PartialCompositeDirContext.getAttributes(PartialCompositeDirContext.java:129)
	at java.naming/javax.naming.directory.InitialDirContext.getAttributes(InitialDirContext.java:171)
	at com.mongodb.internal.dns.JndiDnsClient.getResourceRecordData(JndiDnsClient.java:41)
	... 3 common frames omitted
2026-04-03 18:45:47,839 INFO com.mongodb.internal.diagnostics.logging.SLF4JLogger [cluster-ClusterId{value='69d034cf60851a6cb962a05b', description='null'}-srv-mazebankcluster.dddrndp.mongodb.net] Exception while resolving SRV records
com.mongodb.MongoConfigurationException: Failed looking up SRV record for '_mongodb._tcp.mazebankcluster.dddrndp.mongodb.net'.
	at com.mongodb.internal.dns.DefaultDnsResolver.resolveHostFromSrvRecords(DefaultDnsResolver.java:96)
	at com.mongodb.internal.connection.DefaultDnsSrvRecordMonitor$DnsSrvRecordMonitorRunnable.run(DefaultDnsSrvRecordMonitor.java:80)
	at java.base/java.lang.Thread.run(Thread.java:842)
Caused by: com.mongodb.spi.dns.DnsWithResponseCodeException: DNS name not found [response code 3]
	at com.mongodb.internal.dns.JndiDnsClient.getResourceRecordData(JndiDnsClient.java:52)
	at com.mongodb.internal.dns.DefaultDnsResolver.resolveHostFromSrvRecords(DefaultDnsResolver.java:78)
	... 2 common frames omitted
Caused by: javax.naming.NameNotFoundException: DNS name not found [response code 3]
	at jdk.naming.dns/com.sun.jndi.dns.DnsClient.checkResponseCode(DnsClient.java:659)
	at jdk.naming.dns/com.sun.jndi.dns.DnsClient.isMatchResponse(DnsClient.java:577)
	at jdk.naming.dns/com.sun.jndi.dns.DnsClient.doUdpQuery(DnsClient.java:429)
	at jdk.naming.dns/com.sun.jndi.dns.DnsClient.query(DnsClient.java:214)
	at jdk.naming.dns/com.sun.jndi.dns.Resolver.query(Resolver.java:81)
	at jdk.naming.dns/com.sun.jndi.dns.DnsContext.c_getAttributes(DnsContext.java:434)
	at java.naming/com.sun.jndi.toolkit.ctx.ComponentDirContext.p_getAttributes(ComponentDirContext.java:235)
	at java.naming/com.sun.jndi.toolkit.ctx.PartialCompositeDirContext.getAttributes(PartialCompositeDirContext.java:141)
	at java.naming/com.sun.jndi.toolkit.ctx.PartialCompositeDirContext.getAttributes(PartialCompositeDirContext.java:129)
	at java.naming/javax.naming.directory.InitialDirContext.getAttributes(InitialDirContext.java:171)
	at com.mongodb.internal.dns.JndiDnsClient.getResourceRecordData(JndiDnsClient.java:41)
	... 3 common frames omitted
2026-04-03 18:45:57,865 INFO com.mongodb.internal.diagnostics.logging.SLF4JLogger [cluster-ClusterId{value='69d034cf60851a6cb962a05b', description='null'}-srv-mazebankcluster.dddrndp.mongodb.net] Exception while resolving SRV records
com.mongodb.MongoConfigurationException: Failed looking up SRV record for '_mongodb._tcp.mazebankcluster.dddrndp.mongodb.net'.
	at com.mongodb.internal.dns.DefaultDnsResolver.resolveHostFromSrvRecords(DefaultDnsResolver.java:96)
	at com.mongodb.internal.connection.DefaultDnsSrvRecordMonitor$DnsSrvRecordMonitorRunnable.run(DefaultDnsSrvRecordMonitor.java:80)
	at java.base/java.lang.Thread.run(Thread.java:842)
Caused by: com.mongodb.spi.dns.DnsWithResponseCodeException: DNS name not found [response code 3]
	at com.mongodb.internal.dns.JndiDnsClient.getResourceRecordData(JndiDnsClient.java:52)
	at com.mongodb.internal.dns.DefaultDnsResolver.resolveHostFromSrvRecords(DefaultDnsResolver.java:78)
	... 2 common frames omitted
Caused by: javax.naming.NameNotFoundException: DNS name not found [response code 3]
	at jdk.naming.dns/com.sun.jndi.dns.DnsClient.checkResponseCode(DnsClient.java:659)
	at jdk.naming.dns/com.sun.jndi.dns.DnsClient.isMatchResponse(DnsClient.java:577)
	at jdk.naming.dns/com.sun.jndi.dns.DnsClient.doUdpQuery(DnsClient.java:429)
	at jdk.naming.dns/com.sun.jndi.dns.DnsClient.query(DnsClient.java:214)
	at jdk.naming.dns/com.sun.jndi.dns.Resolver.query(Resolver.java:81)
	at jdk.naming.dns/com.sun.jndi.dns.DnsContext.c_getAttributes(DnsContext.java:434)
	at java.naming/com.sun.jndi.toolkit.ctx.ComponentDirContext.p_getAttributes(ComponentDirContext.java:235)
	at java.naming/com.sun.jndi.toolkit.ctx.PartialCompositeDirContext.getAttributes(PartialCompositeDirContext.java:141)
	at java.naming/com.sun.jndi.toolkit.ctx.PartialCompositeDirContext.getAttributes(PartialCompositeDirContext.java:129)
	at java.naming/javax.naming.directory.InitialDirContext.getAttributes(InitialDirContext.java:171)
	at com.mongodb.internal.dns.JndiDnsClient.getResourceRecordData(JndiDnsClient.java:41)
	... 3 common frames omitted
2026-04-03 18:46:07,888 INFO com.mongodb.internal.diagnostics.logging.SLF4JLogger [cluster-ClusterId{value='69d034cf60851a6cb962a05b', description='null'}-srv-mazebankcluster.dddrndp.mongodb.net] Exception while resolving SRV records
com.mongodb.MongoConfigurationException: Failed looking up SRV record for '_mongodb._tcp.mazebankcluster.dddrndp.mongodb.net'.
	at com.mongodb.internal.dns.DefaultDnsResolver.resolveHostFromSrvRecords(DefaultDnsResolver.java:96)
	at com.mongodb.internal.connection.DefaultDnsSrvRecordMonitor$DnsSrvRecordMonitorRunnable.run(DefaultDnsSrvRecordMonitor.java:80)
	at java.base/java.lang.Thread.run(Thread.java:842)
Caused by: com.mongodb.spi.dns.DnsWithResponseCodeException: DNS name not found [response code 3]
	at com.mongodb.internal.dns.JndiDnsClient.getResourceRecordData(JndiDnsClient.java:52)
	at com.mongodb.internal.dns.DefaultDnsResolver.resolveHostFromSrvRecords(DefaultDnsResolver.java:78)
	... 2 common frames omitted
Caused by: javax.naming.NameNotFoundException: DNS name not found [response code 3]
	at jdk.naming.dns/com.sun.jndi.dns.DnsClient.checkResponseCode(DnsClient.java:659)
	at jdk.naming.dns/com.sun.jndi.dns.DnsClient.isMatchResponse(DnsClient.java:577)
	at jdk.naming.dns/com.sun.jndi.dns.DnsClient.doUdpQuery(DnsClient.java:429)
	at jdk.naming.dns/com.sun.jndi.dns.DnsClient.query(DnsClient.java:214)
	at jdk.naming.dns/com.sun.jndi.dns.Resolver.query(Resolver.java:81)
	at jdk.naming.dns/com.sun.jndi.dns.DnsContext.c_getAttributes(DnsContext.java:434)
	at java.naming/com.sun.jndi.toolkit.ctx.ComponentDirContext.p_getAttributes(ComponentDirContext.java:235)
	at java.naming/com.sun.jndi.toolkit.ctx.PartialCompositeDirContext.getAttributes(PartialCompositeDirContext.java:141)
	at java.naming/com.sun.jndi.toolkit.ctx.PartialCompositeDirContext.getAttributes(PartialCompositeDirContext.java:129)
	at java.naming/javax.naming.directory.InitialDirContext.getAttributes(InitialDirContext.java:171)
	at com.mongodb.internal.dns.JndiDnsClient.getResourceRecordData(JndiDnsClient.java:41)
	... 3 common frames omitted
2026-04-03 18:46:17,908 INFO com.mongodb.internal.diagnostics.logging.SLF4JLogger [cluster-ClusterId{value='69d034cf60851a6cb962a05b', description='null'}-srv-mazebankcluster.dddrndp.mongodb.net] Exception while resolving SRV records
com.mongodb.MongoConfigurationException: Failed looking up SRV record for '_mongodb._tcp.mazebankcluster.dddrndp.mongodb.net'.
	at com.mongodb.internal.dns.DefaultDnsResolver.resolveHostFromSrvRecords(DefaultDnsResolver.java:96)
	at com.mongodb.internal.connection.DefaultDnsSrvRecordMonitor$DnsSrvRecordMonitorRunnable.run(DefaultDnsSrvRecordMonitor.java:80)
	at java.base/java.lang.Thread.run(Thread.java:842)
Caused by: com.mongodb.spi.dns.DnsWithResponseCodeException: DNS name not found [response code 3]
	at com.mongodb.internal.dns.JndiDnsClient.getResourceRecordData(JndiDnsClient.java:52)
	at com.mongodb.internal.dns.DefaultDnsResolver.resolveHostFromSrvRecords(DefaultDnsResolver.java:78)
	... 2 common frames omitted
Caused by: javax.naming.NameNotFoundException: DNS name not found [response code 3]
	at jdk.naming.dns/com.sun.jndi.dns.DnsClient.checkResponseCode(DnsClient.java:659)
	at jdk.naming.dns/com.sun.jndi.dns.DnsClient.isMatchResponse(DnsClient.java:577)
	at jdk.naming.dns/com.sun.jndi.dns.DnsClient.doUdpQuery(DnsClient.java:429)
	at jdk.naming.dns/com.sun.jndi.dns.DnsClient.query(DnsClient.java:214)
	at jdk.naming.dns/com.sun.jndi.dns.Resolver.query(Resolver.java:81)
	at jdk.naming.dns/com.sun.jndi.dns.DnsContext.c_getAttributes(DnsContext.java:434)
	at java.naming/com.sun.jndi.toolkit.ctx.ComponentDirContext.p_getAttributes(ComponentDirContext.java:235)
	at java.naming/com.sun.jndi.toolkit.ctx.PartialCompositeDirContext.getAttributes(PartialCompositeDirContext.java:141)
	at java.naming/com.sun.jndi.toolkit.ctx.PartialCompositeDirContext.getAttributes(PartialCompositeDirContext.java:129)
	at java.naming/javax.naming.directory.InitialDirContext.getAttributes(InitialDirContext.java:171)
	at com.mongodb.internal.dns.JndiDnsClient.getResourceRecordData(JndiDnsClient.java:41)
	... 3 common frames omitted
2026-04-03 18:46:27,918 INFO com.mongodb.internal.diagnostics.logging.SLF4JLogger [cluster-ClusterId{value='69d034cf60851a6cb962a05b', description='null'}-srv-mazebankcluster.dddrndp.mongodb.net] Exception while resolving SRV records
com.mongodb.MongoConfigurationException: Failed looking up SRV record for '_mongodb._tcp.mazebankcluster.dddrndp.mongodb.net'.
	at com.mongodb.internal.dns.DefaultDnsResolver.resolveHostFromSrvRecords(DefaultDnsResolver.java:96)
	at com.mongodb.internal.connection.DefaultDnsSrvRecordMonitor$DnsSrvRecordMonitorRunnable.run(DefaultDnsSrvRecordMonitor.java:80)
	at java.base/java.lang.Thread.run(Thread.java:842)
Caused by: com.mongodb.spi.dns.DnsWithResponseCodeException: DNS name not found [response code 3]
	at com.mongodb.internal.dns.JndiDnsClient.getResourceRecordData(JndiDnsClient.java:52)
	at com.mongodb.internal.dns.DefaultDnsResolver.resolveHostFromSrvRecords(DefaultDnsResolver.java:78)
	... 2 common frames omitted
Caused by: javax.naming.NameNotFoundException: DNS name not found [response code 3]
	at jdk.naming.dns/com.sun.jndi.dns.DnsClient.checkResponseCode(DnsClient.java:659)
	at jdk.naming.dns/com.sun.jndi.dns.DnsClient.isMatchResponse(DnsClient.java:577)
	at jdk.naming.dns/com.sun.jndi.dns.DnsClient.doUdpQuery(DnsClient.java:429)
	at jdk.naming.dns/com.sun.jndi.dns.DnsClient.query(DnsClient.java:214)
	at jdk.naming.dns/com.sun.jndi.dns.Resolver.query(Resolver.java:81)
	at jdk.naming.dns/com.sun.jndi.dns.DnsContext.c_getAttributes(DnsContext.java:434)
	at java.naming/com.sun.jndi.toolkit.ctx.ComponentDirContext.p_getAttributes(ComponentDirContext.java:235)
	at java.naming/com.sun.jndi.toolkit.ctx.PartialCompositeDirContext.getAttributes(PartialCompositeDirContext.java:141)
	at java.naming/com.sun.jndi.toolkit.ctx.PartialCompositeDirContext.getAttributes(PartialCompositeDirContext.java:129)
	at java.naming/javax.naming.directory.InitialDirContext.getAttributes(InitialDirContext.java:171)
	at com.mongodb.internal.dns.JndiDnsClient.getResourceRecordData(JndiDnsClient.java:41)
	... 3 common frames omitted
2026-04-03 18:46:38,053 INFO com.mongodb.internal.diagnostics.logging.SLF4JLogger [cluster-ClusterId{value='69d034cf60851a6cb962a05b', description='null'}-srv-mazebankcluster.dddrndp.mongodb.net] Exception while resolving SRV records
com.mongodb.MongoConfigurationException: Failed looking up SRV record for '_mongodb._tcp.mazebankcluster.dddrndp.mongodb.net'.
	at com.mongodb.internal.dns.DefaultDnsResolver.resolveHostFromSrvRecords(DefaultDnsResolver.java:96)
	at com.mongodb.internal.connection.DefaultDnsSrvRecordMonitor$DnsSrvRecordMonitorRunnable.run(DefaultDnsSrvRecordMonitor.java:80)
	at java.base/java.lang.Thread.run(Thread.java:842)
Caused by: com.mongodb.spi.dns.DnsWithResponseCodeException: DNS name not found [response code 3]
	at com.mongodb.internal.dns.JndiDnsClient.getResourceRecordData(JndiDnsClient.java:52)
	at com.mongodb.internal.dns.DefaultDnsResolver.resolveHostFromSrvRecords(DefaultDnsResolver.java:78)
	... 2 common frames omitted
Caused by: javax.naming.NameNotFoundException: DNS name not found [response code 3]
	at jdk.naming.dns/com.sun.jndi.dns.DnsClient.checkResponseCode(DnsClient.java:659)
	at jdk.naming.dns/com.sun.jndi.dns.DnsClient.isMatchResponse(DnsClient.java:577)
	at jdk.naming.dns/com.sun.jndi.dns.DnsClient.doUdpQuery(DnsClient.java:429)
	at jdk.naming.dns/com.sun.jndi.dns.DnsClient.query(DnsClient.java:214)
	at jdk.naming.dns/com.sun.jndi.dns.Resolver.query(Resolver.java:81)
	at jdk.naming.dns/com.sun.jndi.dns.DnsContext.c_getAttributes(DnsContext.java:434)
	at java.naming/com.sun.jndi.toolkit.ctx.ComponentDirContext.p_getAttributes(ComponentDirContext.java:235)
	at java.naming/com.sun.jndi.toolkit.ctx.PartialCompositeDirContext.getAttributes(PartialCompositeDirContext.java:141)
	at java.naming/com.sun.jndi.toolkit.ctx.PartialCompositeDirContext.getAttributes(PartialCompositeDirContext.java:129)
	at java.naming/javax.naming.directory.InitialDirContext.getAttributes(InitialDirContext.java:171)
	at com.mongodb.internal.dns.JndiDnsClient.getResourceRecordData(JndiDnsClient.java:41)
	... 3 common frames omitted
2026-04-03 18:46:48,084 INFO com.mongodb.internal.diagnostics.logging.SLF4JLogger [cluster-ClusterId{value='69d034cf60851a6cb962a05b', description='null'}-srv-mazebankcluster.dddrndp.mongodb.net] Exception while resolving SRV records
com.mongodb.MongoConfigurationException: Failed looking up SRV record for '_mongodb._tcp.mazebankcluster.dddrndp.mongodb.net'.
	at com.mongodb.internal.dns.DefaultDnsResolver.resolveHostFromSrvRecords(DefaultDnsResolver.java:96)
	at com.mongodb.internal.connection.DefaultDnsSrvRecordMonitor$DnsSrvRecordMonitorRunnable.run(DefaultDnsSrvRecordMonitor.java:80)
	at java.base/java.lang.Thread.run(Thread.java:842)
Caused by: com.mongodb.spi.dns.DnsWithResponseCodeException: DNS name not found [response code 3]
	at com.mongodb.internal.dns.JndiDnsClient.getResourceRecordData(JndiDnsClient.java:52)
	at com.mongodb.internal.dns.DefaultDnsResolver.resolveHostFromSrvRecords(DefaultDnsResolver.java:78)
	... 2 common frames omitted
Caused by: javax.naming.NameNotFoundException: DNS name not found [response code 3]
	at jdk.naming.dns/com.sun.jndi.dns.DnsClient.checkResponseCode(DnsClient.java:659)
	at jdk.naming.dns/com.sun.jndi.dns.DnsClient.isMatchResponse(DnsClient.java:577)
	at jdk.naming.dns/com.sun.jndi.dns.DnsClient.doUdpQuery(DnsClient.java:429)
	at jdk.naming.dns/com.sun.jndi.dns.DnsClient.query(DnsClient.java:214)
	at jdk.naming.dns/com.sun.jndi.dns.Resolver.query(Resolver.java:81)
	at jdk.naming.dns/com.sun.jndi.dns.DnsContext.c_getAttributes(DnsContext.java:434)
	at java.naming/com.sun.jndi.toolkit.ctx.ComponentDirContext.p_getAttributes(ComponentDirContext.java:235)
	at java.naming/com.sun.jndi.toolkit.ctx.PartialCompositeDirContext.getAttributes(PartialCompositeDirContext.java:141)
	at java.naming/com.sun.jndi.toolkit.ctx.PartialCompositeDirContext.getAttributes(PartialCompositeDirContext.java:129)
	at java.naming/javax.naming.directory.InitialDirContext.getAttributes(InitialDirContext.java:171)
	at com.mongodb.internal.dns.JndiDnsClient.getResourceRecordData(JndiDnsClient.java:41)
	... 3 common frames omitted
2026-04-03 18:46:58,091 INFO com.mongodb.internal.diagnostics.logging.SLF4JLogger [cluster-ClusterId{value='69d034cf60851a6cb962a05b', description='null'}-srv-mazebankcluster.dddrndp.mongodb.net] Exception while resolving SRV records
com.mongodb.MongoConfigurationException: Failed looking up SRV record for '_mongodb._tcp.mazebankcluster.dddrndp.mongodb.net'.
	at com.mongodb.internal.dns.DefaultDnsResolver.resolveHostFromSrvRecords(DefaultDnsResolver.java:96)
	at com.mongodb.internal.connection.DefaultDnsSrvRecordMonitor$DnsSrvRecordMonitorRunnable.run(DefaultDnsSrvRecordMonitor.java:80)
	at java.base/java.lang.Thread.run(Thread.java:842)
Caused by: com.mongodb.spi.dns.DnsWithResponseCodeException: DNS name not found [response code 3]
	at com.mongodb.internal.dns.JndiDnsClient.getResourceRecordData(JndiDnsClient.java:52)
	at com.mongodb.internal.dns.DefaultDnsResolver.resolveHostFromSrvRecords(DefaultDnsResolver.java:78)
	... 2 common frames omitted
Caused by: javax.naming.NameNotFoundException: DNS name not found [response code 3]
	at jdk.naming.dns/com.sun.jndi.dns.DnsClient.checkResponseCode(DnsClient.java:659)
	at jdk.naming.dns/com.sun.jndi.dns.DnsClient.isMatchResponse(DnsClient.java:577)
	at jdk.naming.dns/com.sun.jndi.dns.DnsClient.doUdpQuery(DnsClient.java:429)
	at jdk.naming.dns/com.sun.jndi.dns.DnsClient.query(DnsClient.java:214)
	at jdk.naming.dns/com.sun.jndi.dns.Resolver.query(Resolver.java:81)
	at jdk.naming.dns/com.sun.jndi.dns.DnsContext.c_getAttributes(DnsContext.java:434)
	at java.naming/com.sun.jndi.toolkit.ctx.ComponentDirContext.p_getAttributes(ComponentDirContext.java:235)
	at java.naming/com.sun.jndi.toolkit.ctx.PartialCompositeDirContext.getAttributes(PartialCompositeDirContext.java:141)
	at java.naming/com.sun.jndi.toolkit.ctx.PartialCompositeDirContext.getAttributes(PartialCompositeDirContext.java:129)
	at java.naming/javax.naming.directory.InitialDirContext.getAttributes(InitialDirContext.java:171)
	at com.mongodb.internal.dns.JndiDnsClient.getResourceRecordData(JndiDnsClient.java:41)
	... 3 common frames omitted
2026-04-03 18:47:08,114 INFO com.mongodb.internal.diagnostics.logging.SLF4JLogger [cluster-ClusterId{value='69d034cf60851a6cb962a05b', description='null'}-srv-mazebankcluster.dddrndp.mongodb.net] Exception while resolving SRV records
com.mongodb.MongoConfigurationException: Failed looking up SRV record for '_mongodb._tcp.mazebankcluster.dddrndp.mongodb.net'.
	at com.mongodb.internal.dns.DefaultDnsResolver.resolveHostFromSrvRecords(DefaultDnsResolver.java:96)
	at com.mongodb.internal.connection.DefaultDnsSrvRecordMonitor$DnsSrvRecordMonitorRunnable.run(DefaultDnsSrvRecordMonitor.java:80)
	at java.base/java.lang.Thread.run(Thread.java:842)
Caused by: com.mongodb.spi.dns.DnsWithResponseCodeException: DNS name not found [response code 3]
	at com.mongodb.internal.dns.JndiDnsClient.getResourceRecordData(JndiDnsClient.java:52)
	at com.mongodb.internal.dns.DefaultDnsResolver.resolveHostFromSrvRecords(DefaultDnsResolver.java:78)
	... 2 common frames omitted
Caused by: javax.naming.NameNotFoundException: DNS name not found [response code 3]
	at jdk.naming.dns/com.sun.jndi.dns.DnsClient.checkResponseCode(DnsClient.java:659)
	at jdk.naming.dns/com.sun.jndi.dns.DnsClient.isMatchResponse(DnsClient.java:577)
	at jdk.naming.dns/com.sun.jndi.dns.DnsClient.doUdpQuery(DnsClient.java:429)
	at jdk.naming.dns/com.sun.jndi.dns.DnsClient.query(DnsClient.java:214)
	at jdk.naming.dns/com.sun.jndi.dns.Resolver.query(Resolver.java:81)
	at jdk.naming.dns/com.sun.jndi.dns.DnsContext.c_getAttributes(DnsContext.java:434)
	at java.naming/com.sun.jndi.toolkit.ctx.ComponentDirContext.p_getAttributes(ComponentDirContext.java:235)
	at java.naming/com.sun.jndi.toolkit.ctx.PartialCompositeDirContext.getAttributes(PartialCompositeDirContext.java:141)
	at java.naming/com.sun.jndi.toolkit.ctx.PartialCompositeDirContext.getAttributes(PartialCompositeDirContext.java:129)
	at java.naming/javax.naming.directory.InitialDirContext.getAttributes(InitialDirContext.java:171)
	at com.mongodb.internal.dns.JndiDnsClient.getResourceRecordData(JndiDnsClient.java:41)
	... 3 common frames omitted
2026-04-03 18:47:18,153 INFO com.mongodb.internal.diagnostics.logging.SLF4JLogger [cluster-ClusterId{value='69d034cf60851a6cb962a05b', description='null'}-srv-mazebankcluster.dddrndp.mongodb.net] Exception while resolving SRV records
com.mongodb.MongoConfigurationException: Failed looking up SRV record for '_mongodb._tcp.mazebankcluster.dddrndp.mongodb.net'.
	at com.mongodb.internal.dns.DefaultDnsResolver.resolveHostFromSrvRecords(DefaultDnsResolver.java:96)
	at com.mongodb.internal.connection.DefaultDnsSrvRecordMonitor$DnsSrvRecordMonitorRunnable.run(DefaultDnsSrvRecordMonitor.java:80)
	at java.base/java.lang.Thread.run(Thread.java:842)
Caused by: com.mongodb.spi.dns.DnsWithResponseCodeException: DNS name not found [response code 3]
	at com.mongodb.internal.dns.JndiDnsClient.getResourceRecordData(JndiDnsClient.java:52)
	at com.mongodb.internal.dns.DefaultDnsResolver.resolveHostFromSrvRecords(DefaultDnsResolver.java:78)
	... 2 common frames omitted
Caused by: javax.naming.NameNotFoundException: DNS name not found [response code 3]
	at jdk.naming.dns/com.sun.jndi.dns.DnsClient.checkResponseCode(DnsClient.java:659)
	at jdk.naming.dns/com.sun.jndi.dns.DnsClient.isMatchResponse(DnsClient.java:577)
	at jdk.naming.dns/com.sun.jndi.dns.DnsClient.doUdpQuery(DnsClient.java:429)
	at jdk.naming.dns/com.sun.jndi.dns.DnsClient.query(DnsClient.java:214)
	at jdk.naming.dns/com.sun.jndi.dns.Resolver.query(Resolver.java:81)
	at jdk.naming.dns/com.sun.jndi.dns.DnsContext.c_getAttributes(DnsContext.java:434)
	at java.naming/com.sun.jndi.toolkit.ctx.ComponentDirContext.p_getAttributes(ComponentDirContext.java:235)
	at java.naming/com.sun.jndi.toolkit.ctx.PartialCompositeDirContext.getAttributes(PartialCompositeDirContext.java:141)
	at java.naming/com.sun.jndi.toolkit.ctx.PartialCompositeDirContext.getAttributes(PartialCompositeDirContext.java:129)
	at java.naming/javax.naming.directory.InitialDirContext.getAttributes(InitialDirContext.java:171)
	at com.mongodb.internal.dns.JndiDnsClient.getResourceRecordData(JndiDnsClient.java:41)
	... 3 common frames omitted
2026-04-03 18:47:28,175 INFO com.mongodb.internal.diagnostics.logging.SLF4JLogger [cluster-ClusterId{value='69d034cf60851a6cb962a05b', description='null'}-srv-mazebankcluster.dddrndp.mongodb.net] Exception while resolving SRV records
com.mongodb.MongoConfigurationException: Failed looking up SRV record for '_mongodb._tcp.mazebankcluster.dddrndp.mongodb.net'.
	at com.mongodb.internal.dns.DefaultDnsResolver.resolveHostFromSrvRecords(DefaultDnsResolver.java:96)
	at com.mongodb.internal.connection.DefaultDnsSrvRecordMonitor$DnsSrvRecordMonitorRunnable.run(DefaultDnsSrvRecordMonitor.java:80)
	at java.base/java.lang.Thread.run(Thread.java:842)
Caused by: com.mongodb.spi.dns.DnsWithResponseCodeException: DNS name not found [response code 3]
	at com.mongodb.internal.dns.JndiDnsClient.getResourceRecordData(JndiDnsClient.java:52)
	at com.mongodb.internal.dns.DefaultDnsResolver.resolveHostFromSrvRecords(DefaultDnsResolver.java:78)
	... 2 common frames omitted
Caused by: javax.naming.NameNotFoundException: DNS name not found [response code 3]
	at jdk.naming.dns/com.sun.jndi.dns.DnsClient.checkResponseCode(DnsClient.java:659)
	at jdk.naming.dns/com.sun.jndi.dns.DnsClient.isMatchResponse(DnsClient.java:577)
	at jdk.naming.dns/com.sun.jndi.dns.DnsClient.doUdpQuery(DnsClient.java:429)
	at jdk.naming.dns/com.sun.jndi.dns.DnsClient.query(DnsClient.java:214)
	at jdk.naming.dns/com.sun.jndi.dns.Resolver.query(Resolver.java:81)
	at jdk.naming.dns/com.sun.jndi.dns.DnsContext.c_getAttributes(DnsContext.java:434)
	at java.naming/com.sun.jndi.toolkit.ctx.ComponentDirContext.p_getAttributes(ComponentDirContext.java:235)
	at java.naming/com.sun.jndi.toolkit.ctx.PartialCompositeDirContext.getAttributes(PartialCompositeDirContext.java:141)
	at java.naming/com.sun.jndi.toolkit.ctx.PartialCompositeDirContext.getAttributes(PartialCompositeDirContext.java:129)
	at java.naming/javax.naming.directory.InitialDirContext.getAttributes(InitialDirContext.java:171)
	at com.mongodb.internal.dns.JndiDnsClient.getResourceRecordData(JndiDnsClient.java:41)
	... 3 common frames omitted
2026-04-03 18:47:38,191 INFO com.mongodb.internal.diagnostics.logging.SLF4JLogger [cluster-ClusterId{value='69d034cf60851a6cb962a05b', description='null'}-srv-mazebankcluster.dddrndp.mongodb.net] Exception while resolving SRV records
com.mongodb.MongoConfigurationException: Failed looking up SRV record for '_mongodb._tcp.mazebankcluster.dddrndp.mongodb.net'.
	at com.mongodb.internal.dns.DefaultDnsResolver.resolveHostFromSrvRecords(DefaultDnsResolver.java:96)
	at com.mongodb.internal.connection.DefaultDnsSrvRecordMonitor$DnsSrvRecordMonitorRunnable.run(DefaultDnsSrvRecordMonitor.java:80)
	at java.base/java.lang.Thread.run(Thread.java:842)
Caused by: com.mongodb.spi.dns.DnsWithResponseCodeException: DNS name not found [response code 3]
	at com.mongodb.internal.dns.JndiDnsClient.getResourceRecordData(JndiDnsClient.java:52)
	at com.mongodb.internal.dns.DefaultDnsResolver.resolveHostFromSrvRecords(DefaultDnsResolver.java:78)
	... 2 common frames omitted
Caused by: javax.naming.NameNotFoundException: DNS name not found [response code 3]
	at jdk.naming.dns/com.sun.jndi.dns.DnsClient.checkResponseCode(DnsClient.java:659)
	at jdk.naming.dns/com.sun.jndi.dns.DnsClient.isMatchResponse(DnsClient.java:577)
	at jdk.naming.dns/com.sun.jndi.dns.DnsClient.doUdpQuery(DnsClient.java:429)
	at jdk.naming.dns/com.sun.jndi.dns.DnsClient.query(DnsClient.java:214)
	at jdk.naming.dns/com.sun.jndi.dns.Resolver.query(Resolver.java:81)
	at jdk.naming.dns/com.sun.jndi.dns.DnsContext.c_getAttributes(DnsContext.java:434)
	at java.naming/com.sun.jndi.toolkit.ctx.ComponentDirContext.p_getAttributes(ComponentDirContext.java:235)
	at java.naming/com.sun.jndi.toolkit.ctx.PartialCompositeDirContext.getAttributes(PartialCompositeDirContext.java:141)
	at java.naming/com.sun.jndi.toolkit.ctx.PartialCompositeDirContext.getAttributes(PartialCompositeDirContext.java:129)
	at java.naming/javax.naming.directory.InitialDirContext.getAttributes(InitialDirContext.java:171)
	at com.mongodb.internal.dns.JndiDnsClient.getResourceRecordData(JndiDnsClient.java:41)
	... 3 common frames omitted
2026-04-03 18:47:48,215 INFO com.mongodb.internal.diagnostics.logging.SLF4JLogger [cluster-ClusterId{value='69d034cf60851a6cb962a05b', description='null'}-srv-mazebankcluster.dddrndp.mongodb.net] Adding discovered server ac-tmdvcbz-shard-00-02.dddrndp.mongodb.net:27017 to client view of cluster
2026-04-03 18:47:48,231 INFO com.mongodb.internal.diagnostics.logging.SLF4JLogger [cluster-ClusterId{value='69d034cf60851a6cb962a05b', description='null'}-srv-mazebankcluster.dddrndp.mongodb.net] Adding discovered server ac-tmdvcbz-shard-00-00.dddrndp.mongodb.net:27017 to client view of cluster
2026-04-03 18:47:48,231 INFO com.mongodb.internal.diagnostics.logging.SLF4JLogger [cluster-ClusterId{value='69d034cf60851a6cb962a05b', description='null'}-srv-mazebankcluster.dddrndp.mongodb.net] Adding discovered server ac-tmdvcbz-shard-00-01.dddrndp.mongodb.net:27017 to client view of cluster
2026-04-03 18:47:48,554 INFO com.mongodb.internal.diagnostics.logging.SLF4JLogger [cluster-ClusterId{value='69d034cf60851a6cb962a05b', description='null'}-ac-tmdvcbz-shard-00-00.dddrndp.mongodb.net:27017] Monitor thread successfully connected to server with description ServerDescription{address=ac-tmdvcbz-shard-00-00.dddrndp.mongodb.net:27017, type=REPLICA_SET_SECONDARY, state=CONNECTED, ok=true, minWireVersion=0, maxWireVersion=25, maxDocumentSize=16777216, logicalSessionTimeoutMinutes=30, roundTripTimeNanos=204491900, setName='atlas-qhvfd0-shard-0', canonicalAddress=ac-tmdvcbz-shard-00-00.dddrndp.mongodb.net:27017, hosts=[ac-tmdvcbz-shard-00-02.dddrndp.mongodb.net:27017, ac-tmdvcbz-shard-00-00.dddrndp.mongodb.net:27017, ac-tmdvcbz-shard-00-01.dddrndp.mongodb.net:27017], passives=[], arbiters=[], primary='ac-tmdvcbz-shard-00-02.dddrndp.mongodb.net:27017', tagSet=TagSet{[Tag{name='availabilityZone', value='southamerica-east1-a'}, Tag{name='diskState', value='READY'}, Tag{name='nodeType', value='ELECTABLE'}, Tag{name='provider', value='GCP'}, Tag{name='region', value='SOUTH_AMERICA_EAST_1'}, Tag{name='workloadType', value='OPERATIONAL'}]}, electionId=null, setVersion=44, topologyVersion=TopologyVersion{processId=69cfcb47c9d6c72b69c5c2f4, counter=4}, lastWriteDate=Fri Apr 03 18:47:51 BRT 2026, lastUpdateTimeNanos=179266232151400}
2026-04-03 18:47:48,555 INFO com.mongodb.internal.diagnostics.logging.SLF4JLogger [cluster-ClusterId{value='69d034cf60851a6cb962a05b', description='null'}-ac-tmdvcbz-shard-00-02.dddrndp.mongodb.net:27017] Monitor thread successfully connected to server with description ServerDescription{address=ac-tmdvcbz-shard-00-02.dddrndp.mongodb.net:27017, type=REPLICA_SET_PRIMARY, state=CONNECTED, ok=true, minWireVersion=0, maxWireVersion=25, maxDocumentSize=16777216, logicalSessionTimeoutMinutes=30, roundTripTimeNanos=205285500, setName='atlas-qhvfd0-shard-0', canonicalAddress=ac-tmdvcbz-shard-00-02.dddrndp.mongodb.net:27017, hosts=[ac-tmdvcbz-shard-00-02.dddrndp.mongodb.net:27017, ac-tmdvcbz-shard-00-00.dddrndp.mongodb.net:27017, ac-tmdvcbz-shard-00-01.dddrndp.mongodb.net:27017], passives=[], arbiters=[], primary='ac-tmdvcbz-shard-00-02.dddrndp.mongodb.net:27017', tagSet=TagSet{[Tag{name='availabilityZone', value='southamerica-east1-c'}, Tag{name='diskState', value='READY'}, Tag{name='nodeType', value='ELECTABLE'}, Tag{name='provider', value='GCP'}, Tag{name='region', value='SOUTH_AMERICA_EAST_1'}, Tag{name='workloadType', value='OPERATIONAL'}]}, electionId=7fffffff0000000000000109, setVersion=44, topologyVersion=TopologyVersion{processId=69cfced627ba7f01462e3e43, counter=6}, lastWriteDate=Fri Apr 03 18:47:51 BRT 2026, lastUpdateTimeNanos=179266232181000}
2026-04-03 18:47:48,556 INFO com.mongodb.internal.diagnostics.logging.SLF4JLogger [cluster-ClusterId{value='69d034cf60851a6cb962a05b', description='null'}-ac-tmdvcbz-shard-00-02.dddrndp.mongodb.net:27017] Discovered cluster type of REPLICA_SET
2026-04-03 18:47:48,556 INFO com.mongodb.internal.diagnostics.logging.SLF4JLogger [cluster-ClusterId{value='69d034cf60851a6cb962a05b', description='null'}-ac-tmdvcbz-shard-00-02.dddrndp.mongodb.net:27017] Discovered replica set primary ac-tmdvcbz-shard-00-02.dddrndp.mongodb.net:27017 with max election id 7fffffff0000000000000109 and max set version 44
2026-04-03 18:47:48,559 INFO com.mongodb.internal.diagnostics.logging.SLF4JLogger [cluster-ClusterId{value='69d034cf60851a6cb962a05b', description='null'}-ac-tmdvcbz-shard-00-01.dddrndp.mongodb.net:27017] Monitor thread successfully connected to server with description ServerDescription{address=ac-tmdvcbz-shard-00-01.dddrndp.mongodb.net:27017, type=REPLICA_SET_SECONDARY, state=CONNECTED, ok=true, minWireVersion=0, maxWireVersion=25, maxDocumentSize=16777216, logicalSessionTimeoutMinutes=30, roundTripTimeNanos=204450300, setName='atlas-qhvfd0-shard-0', canonicalAddress=ac-tmdvcbz-shard-00-01.dddrndp.mongodb.net:27017, hosts=[ac-tmdvcbz-shard-00-02.dddrndp.mongodb.net:27017, ac-tmdvcbz-shard-00-00.dddrndp.mongodb.net:27017, ac-tmdvcbz-shard-00-01.dddrndp.mongodb.net:27017], passives=[], arbiters=[], primary='ac-tmdvcbz-shard-00-02.dddrndp.mongodb.net:27017', tagSet=TagSet{[Tag{name='availabilityZone', value='southamerica-east1-b'}, Tag{name='diskState', value='READY'}, Tag{name='nodeType', value='ELECTABLE'}, Tag{name='provider', value='GCP'}, Tag{name='region', value='SOUTH_AMERICA_EAST_1'}, Tag{name='workloadType', value='OPERATIONAL'}]}, electionId=null, setVersion=44, topologyVersion=TopologyVersion{processId=69cfd267f7ef1ddb4c0d2fd8, counter=3}, lastWriteDate=Fri Apr 03 18:47:51 BRT 2026, lastUpdateTimeNanos=179266232171500}
2026-04-03 18:48:46,987 INFO org.springframework.boot.StartupInfoLogger [main] Starting MazebankApplication using Java 17.0.12 on itsHnrq-PC with PID 5540 (I:\Projetos\Java\mazebank\target\classes started by hthen in I:\Projetos\Java\mazebank)
2026-04-03 18:48:46,992 INFO org.springframework.boot.SpringApplication [main] The following 1 profile is active: "local"
2026-04-03 18:48:48,135 INFO org.springframework.boot.web.embedded.tomcat.TomcatWebServer [main] Tomcat initialized with port(s): 8081 (http)
2026-04-03 18:48:48,140 INFO org.apache.juli.logging.DirectJDKLog [main] Initializing ProtocolHandler ["http-nio-8081"]
2026-04-03 18:48:48,141 INFO org.apache.juli.logging.DirectJDKLog [main] Starting service [Tomcat]
2026-04-03 18:48:48,141 INFO org.apache.juli.logging.DirectJDKLog [main] Starting Servlet engine: [Apache Tomcat/9.0.63]
2026-04-03 18:48:48,219 INFO org.apache.juli.logging.DirectJDKLog [main] Initializing Spring embedded WebApplicationContext
2026-04-03 18:48:48,220 INFO org.springframework.boot.web.servlet.context.ServletWebServerApplicationContext [main] Root WebApplicationContext: initialization completed in 1178 ms
2026-04-03 18:48:48,485 INFO com.mongodb.internal.diagnostics.logging.SLF4JLogger [cluster-ClusterId{value='69d035c0474a596ca9408937', description='null'}-srv-mazebankcluster.dddrndp.mongodb.net] Adding discovered server ac-tmdvcbz-shard-00-02.dddrndp.mongodb.net:27017 to client view of cluster
2026-04-03 18:48:48,496 INFO com.mongodb.internal.diagnostics.logging.SLF4JLogger [main] MongoClient with metadata {"driver": {"name": "mongo-java-driver|sync", "version": "4.10.2"}, "os": {"type": "Windows", "name": "Windows 11", "architecture": "amd64", "version": "10.0"}, "platform": "Java/Oracle Corporation/17.0.12+8-LTS-286"} created with settings MongoClientSettings{readPreference=primary, writeConcern=WriteConcern{w=majority, wTimeout=null ms, journal=null}, retryWrites=true, retryReads=true, readConcern=ReadConcern{level=null}, credential=MongoCredential{mechanism=null, userName='mazebank', source='admin', password=<hidden>, mechanismProperties=<hidden>}, streamFactoryFactory=null, commandListeners=[], codecRegistry=ProvidersCodecRegistry{codecProviders=[ValueCodecProvider{}, BsonValueCodecProvider{}, DBRefCodecProvider{}, DBObjectCodecProvider{}, DocumentCodecProvider{}, CollectionCodecProvider{}, IterableCodecProvider{}, MapCodecProvider{}, GeoJsonCodecProvider{}, GridFSFileCodecProvider{}, Jsr310CodecProvider{}, JsonObjectCodecProvider{}, BsonCodecProvider{}, EnumCodecProvider{}, com.mongodb.client.model.mql.ExpressionCodecProvider@4eb9f2af, com.mongodb.Jep395RecordCodecProvider@4a481728, com.mongodb.KotlinCodecProvider@4ace284d]}, loggerSettings=LoggerSettings{maxDocumentLength=1000}, clusterSettings={hosts=[127.0.0.1:27017], srvHost=mazebankcluster.dddrndp.mongodb.net, srvServiceName=mongodb, mode=MULTIPLE, requiredClusterType=REPLICA_SET, requiredReplicaSetName='atlas-qhvfd0-shard-0', serverSelector='null', clusterListeners='[]', serverSelectionTimeout='30000 ms', localThreshold='30000 ms'}, socketSettings=SocketSettings{connectTimeoutMS=10000, readTimeoutMS=0, receiveBufferSize=0, sendBufferSize=0}, heartbeatSocketSettings=SocketSettings{connectTimeoutMS=10000, readTimeoutMS=10000, receiveBufferSize=0, sendBufferSize=0}, connectionPoolSettings=ConnectionPoolSettings{maxSize=100, minSize=0, maxWaitTimeMS=120000, maxConnectionLifeTimeMS=0, maxConnectionIdleTimeMS=0, maintenanceInitialDelayMS=0, maintenanceFrequencyMS=60000, connectionPoolListeners=[], maxConnecting=2}, serverSettings=ServerSettings{heartbeatFrequencyMS=10000, minHeartbeatFrequencyMS=500, serverListeners='[]', serverMonitorListeners='[]'}, sslSettings=SslSettings{enabled=true, invalidHostNameAllowed=false, context=null}, applicationName='null', compressorList=[], uuidRepresentation=UNSPECIFIED, serverApi=ServerApi{version=V1, deprecationErrors=null, strict=null}, autoEncryptionSettings=null, dnsClient=null, inetAddressResolver=null, contextProvider=null}
2026-04-03 18:48:48,504 INFO com.mongodb.internal.diagnostics.logging.SLF4JLogger [cluster-ClusterId{value='69d035c0474a596ca9408937', description='null'}-srv-mazebankcluster.dddrndp.mongodb.net] Adding discovered server ac-tmdvcbz-shard-00-00.dddrndp.mongodb.net:27017 to client view of cluster
2026-04-03 18:48:48,504 INFO com.mongodb.internal.diagnostics.logging.SLF4JLogger [cluster-ClusterId{value='69d035c0474a596ca9408937', description='null'}-srv-mazebankcluster.dddrndp.mongodb.net] Adding discovered server ac-tmdvcbz-shard-00-01.dddrndp.mongodb.net:27017 to client view of cluster
2026-04-03 18:48:49,048 INFO com.mongodb.internal.diagnostics.logging.SLF4JLogger [cluster-ClusterId{value='69d035c0474a596ca9408937', description='null'}-ac-tmdvcbz-shard-00-00.dddrndp.mongodb.net:27017] Monitor thread successfully connected to server with description ServerDescription{address=ac-tmdvcbz-shard-00-00.dddrndp.mongodb.net:27017, type=REPLICA_SET_SECONDARY, state=CONNECTED, ok=true, minWireVersion=0, maxWireVersion=25, maxDocumentSize=16777216, logicalSessionTimeoutMinutes=30, roundTripTimeNanos=327561500, setName='atlas-qhvfd0-shard-0', canonicalAddress=ac-tmdvcbz-shard-00-00.dddrndp.mongodb.net:27017, hosts=[ac-tmdvcbz-shard-00-02.dddrndp.mongodb.net:27017, ac-tmdvcbz-shard-00-00.dddrndp.mongodb.net:27017, ac-tmdvcbz-shard-00-01.dddrndp.mongodb.net:27017], passives=[], arbiters=[], primary='ac-tmdvcbz-shard-00-02.dddrndp.mongodb.net:27017', tagSet=TagSet{[Tag{name='availabilityZone', value='southamerica-east1-a'}, Tag{name='diskState', value='READY'}, Tag{name='nodeType', value='ELECTABLE'}, Tag{name='provider', value='GCP'}, Tag{name='region', value='SOUTH_AMERICA_EAST_1'}, Tag{name='workloadType', value='OPERATIONAL'}]}, electionId=null, setVersion=44, topologyVersion=TopologyVersion{processId=69cfcb47c9d6c72b69c5c2f4, counter=4}, lastWriteDate=Fri Apr 03 18:48:51 BRT 2026, lastUpdateTimeNanos=179326722121800}
2026-04-03 18:48:49,048 INFO com.mongodb.internal.diagnostics.logging.SLF4JLogger [cluster-ClusterId{value='69d035c0474a596ca9408937', description='null'}-ac-tmdvcbz-shard-00-01.dddrndp.mongodb.net:27017] Monitor thread successfully connected to server with description ServerDescription{address=ac-tmdvcbz-shard-00-01.dddrndp.mongodb.net:27017, type=REPLICA_SET_SECONDARY, state=CONNECTED, ok=true, minWireVersion=0, maxWireVersion=25, maxDocumentSize=16777216, logicalSessionTimeoutMinutes=30, roundTripTimeNanos=327534800, setName='atlas-qhvfd0-shard-0', canonicalAddress=ac-tmdvcbz-shard-00-01.dddrndp.mongodb.net:27017, hosts=[ac-tmdvcbz-shard-00-02.dddrndp.mongodb.net:27017, ac-tmdvcbz-shard-00-00.dddrndp.mongodb.net:27017, ac-tmdvcbz-shard-00-01.dddrndp.mongodb.net:27017], passives=[], arbiters=[], primary='ac-tmdvcbz-shard-00-02.dddrndp.mongodb.net:27017', tagSet=TagSet{[Tag{name='availabilityZone', value='southamerica-east1-b'}, Tag{name='diskState', value='READY'}, Tag{name='nodeType', value='ELECTABLE'}, Tag{name='provider', value='GCP'}, Tag{name='region', value='SOUTH_AMERICA_EAST_1'}, Tag{name='workloadType', value='OPERATIONAL'}]}, electionId=null, setVersion=44, topologyVersion=TopologyVersion{processId=69cfd267f7ef1ddb4c0d2fd8, counter=3}, lastWriteDate=Fri Apr 03 18:48:51 BRT 2026, lastUpdateTimeNanos=179326722121800}
2026-04-03 18:48:49,048 INFO com.mongodb.internal.diagnostics.logging.SLF4JLogger [cluster-ClusterId{value='69d035c0474a596ca9408937', description='null'}-ac-tmdvcbz-shard-00-02.dddrndp.mongodb.net:27017] Monitor thread successfully connected to server with description ServerDescription{address=ac-tmdvcbz-shard-00-02.dddrndp.mongodb.net:27017, type=REPLICA_SET_PRIMARY, state=CONNECTED, ok=true, minWireVersion=0, maxWireVersion=25, maxDocumentSize=16777216, logicalSessionTimeoutMinutes=30, roundTripTimeNanos=327516100, setName='atlas-qhvfd0-shard-0', canonicalAddress=ac-tmdvcbz-shard-00-02.dddrndp.mongodb.net:27017, hosts=[ac-tmdvcbz-shard-00-02.dddrndp.mongodb.net:27017, ac-tmdvcbz-shard-00-00.dddrndp.mongodb.net:27017, ac-tmdvcbz-shard-00-01.dddrndp.mongodb.net:27017], passives=[], arbiters=[], primary='ac-tmdvcbz-shard-00-02.dddrndp.mongodb.net:27017', tagSet=TagSet{[Tag{name='availabilityZone', value='southamerica-east1-c'}, Tag{name='diskState', value='READY'}, Tag{name='nodeType', value='ELECTABLE'}, Tag{name='provider', value='GCP'}, Tag{name='region', value='SOUTH_AMERICA_EAST_1'}, Tag{name='workloadType', value='OPERATIONAL'}]}, electionId=7fffffff0000000000000109, setVersion=44, topologyVersion=TopologyVersion{processId=69cfced627ba7f01462e3e43, counter=6}, lastWriteDate=Fri Apr 03 18:48:51 BRT 2026, lastUpdateTimeNanos=179326722121800}
2026-04-03 18:48:49,058 INFO com.mongodb.internal.diagnostics.logging.SLF4JLogger [cluster-ClusterId{value='69d035c0474a596ca9408937', description='null'}-ac-tmdvcbz-shard-00-02.dddrndp.mongodb.net:27017] Discovered replica set primary ac-tmdvcbz-shard-00-02.dddrndp.mongodb.net:27017 with max election id 7fffffff0000000000000109 and max set version 44
2026-04-03 18:48:49,152 INFO org.springframework.boot.actuate.endpoint.web.EndpointLinksResolver [main] Exposing 2 endpoint(s) beneath base path '/actuator'
2026-04-03 18:48:49,175 INFO org.apache.juli.logging.DirectJDKLog [main] Starting ProtocolHandler ["http-nio-8081"]
2026-04-03 18:48:49,201 INFO org.springframework.boot.web.embedded.tomcat.TomcatWebServer [main] Tomcat started on port(s): 8081 (http) with context path '/mazebank'
2026-04-03 18:48:49,218 INFO org.springframework.boot.StartupInfoLogger [main] Started MazebankApplication in 2.576 seconds (JVM running for 3.028)
2026-04-03 18:51:03,050 INFO org.apache.juli.logging.DirectJDKLog [http-nio-8081-exec-2] Initializing Spring DispatcherServlet 'dispatcherServlet'
2026-04-03 18:51:03,050 INFO org.springframework.web.servlet.FrameworkServlet [http-nio-8081-exec-2] Initializing Servlet 'dispatcherServlet'
2026-04-03 18:51:03,051 INFO org.springframework.web.servlet.FrameworkServlet [http-nio-8081-exec-2] Completed initialization in 1 ms
2026-04-03 18:51:03,130 INFO ht.henrique.mazebank.service.impl.ManagementServiceImpl [http-nio-8081-exec-2] Searching user with key: henrique@email.com
2026-04-03 18:51:03,273 INFO ht.henrique.mazebank.service.impl.AuthenticationServiceImpl [http-nio-8081-exec-2] Logged with success
2026-04-03 18:53:44,457 INFO ht.henrique.mazebank.service.impl.ManagementServiceImpl [http-nio-8081-exec-5] Searching user with key: henrique@email.com
2026-04-03 18:53:44,464 INFO ht.henrique.mazebank.service.impl.AuthenticationServiceImpl [http-nio-8081-exec-5] Logged with success
2026-04-03 18:57:02,369 INFO ht.henrique.mazebank.service.impl.ManagementServiceImpl [http-nio-8081-exec-8] Searching user with key: henrique@email.com
2026-04-03 18:57:02,375 INFO ht.henrique.mazebank.service.impl.AuthenticationServiceImpl [http-nio-8081-exec-8] Logged with success
2026-04-03 18:57:16,118 INFO ht.henrique.mazebank.service.impl.ManagementServiceImpl [http-nio-8081-exec-9] Searching user with key: maria@email.com
2026-04-03 18:57:20,466 INFO ht.henrique.mazebank.service.impl.ManagementServiceImpl [http-nio-8081-exec-10] Searching user with key: maria@email.com
2026-04-03 18:57:20,471 INFO ht.henrique.mazebank.service.impl.ManagementServiceImpl [http-nio-8081-exec-10] User founded with uid 69d037bc474a596ca9408938
2026-04-03 18:57:23,678 INFO ht.henrique.mazebank.service.impl.ManagementServiceImpl [http-nio-8081-exec-1] Searching user with key: maria@email.com
2026-04-03 18:57:23,685 INFO ht.henrique.mazebank.service.impl.ManagementServiceImpl [http-nio-8081-exec-1] User founded with uid 69d037bc474a596ca9408938
2026-04-03 18:57:26,213 INFO ht.henrique.mazebank.service.impl.ManagementServiceImpl [http-nio-8081-exec-2] Searching user with key: maria@email.com
2026-04-03 18:57:26,220 INFO ht.henrique.mazebank.service.impl.ManagementServiceImpl [http-nio-8081-exec-2] User already exists with uid 69d037bc474a596ca9408938
2026-04-03 18:57:26,222 ERROR ht.henrique.mazebank.exception.HandleException [http-nio-8081-exec-2] ErrorTemplate(errorCode=409000, errorMessage=User already exists, timeStamp=2026-04-03 18:57:26.221)
