2024-07-20 19:26:47,653 INFO org.springframework.boot.StartupInfoLogger [main] Starting MazebankApplication using Java 17.0.11 on HENRIQUE-PC with PID 14792 (E:\Henrique Teixeira\Projetos\Java\mazebank\target\classes started by hthen in E:\Henrique Teixeira\Projetos\Java\mazebank)
2024-07-20 19:26:47,657 INFO org.springframework.boot.SpringApplication [main] No active profile set, falling back to 1 default profile: "default"
2024-07-20 19:26:48,721 INFO org.springframework.boot.web.embedded.tomcat.TomcatWebServer [main] Tomcat initialized with port(s): 8080 (http)
2024-07-20 19:26:48,730 INFO org.apache.juli.logging.DirectJDKLog [main] Initializing ProtocolHandler ["http-nio-8080"]
2024-07-20 19:26:48,730 INFO org.apache.juli.logging.DirectJDKLog [main] Starting service [Tomcat]
2024-07-20 19:26:48,735 INFO org.apache.juli.logging.DirectJDKLog [main] Starting Servlet engine: [Apache Tomcat/9.0.63]
2024-07-20 19:26:48,822 INFO org.apache.juli.logging.DirectJDKLog [main] Initializing Spring embedded WebApplicationContext
2024-07-20 19:26:48,822 INFO org.springframework.boot.web.servlet.context.ServletWebServerApplicationContext [main] Root WebApplicationContext: initialization completed in 1097 ms
2024-07-20 19:26:48,997 INFO com.mongodb.internal.diagnostics.logging.SLF4JLogger [cluster-ClusterId{value='669c39a87d427472dc19155a', description='null'}-srv-mazebankcluster.dddrndp.mongodb.net] Adding discovered server ac-tmdvcbz-shard-00-02.dddrndp.mongodb.net:27017 to client view of cluster
2024-07-20 19:26:49,004 INFO com.mongodb.internal.diagnostics.logging.SLF4JLogger [main] MongoClient with metadata {"driver": {"name": "mongo-java-driver|sync", "version": "4.10.2"}, "os": {"type": "Windows", "name": "Windows 11", "architecture": "amd64", "version": "10.0"}, "platform": "Java/Oracle Corporation/17.0.11+7-LTS-207"} created with settings MongoClientSettings{readPreference=primary, writeConcern=WriteConcern{w=majority, wTimeout=null ms, journal=null}, retryWrites=true, retryReads=true, readConcern=ReadConcern{level=null}, credential=MongoCredential{mechanism=null, userName='mazebank', source='admin', password=<hidden>, mechanismProperties=<hidden>}, streamFactoryFactory=null, commandListeners=[], codecRegistry=ProvidersCodecRegistry{codecProviders=[ValueCodecProvider{}, BsonValueCodecProvider{}, DBRefCodecProvider{}, DBObjectCodecProvider{}, DocumentCodecProvider{}, CollectionCodecProvider{}, IterableCodecProvider{}, MapCodecProvider{}, GeoJsonCodecProvider{}, GridFSFileCodecProvider{}, Jsr310CodecProvider{}, JsonObjectCodecProvider{}, BsonCodecProvider{}, EnumCodecProvider{}, com.mongodb.client.model.mql.ExpressionCodecProvider@6c101cc1, com.mongodb.Jep395RecordCodecProvider@7d0d91a1, com.mongodb.KotlinCodecProvider@7fb48179]}, loggerSettings=LoggerSettings{maxDocumentLength=1000}, clusterSettings={hosts=[127.0.0.1:27017], srvHost=mazebankcluster.dddrndp.mongodb.net, srvServiceName=mongodb, mode=MULTIPLE, requiredClusterType=REPLICA_SET, requiredReplicaSetName='atlas-qhvfd0-shard-0', serverSelector='null', clusterListeners='[]', serverSelectionTimeout='30000 ms', localThreshold='30000 ms'}, socketSettings=SocketSettings{connectTimeoutMS=10000, readTimeoutMS=0, receiveBufferSize=0, sendBufferSize=0}, heartbeatSocketSettings=SocketSettings{connectTimeoutMS=10000, readTimeoutMS=10000, receiveBufferSize=0, sendBufferSize=0}, connectionPoolSettings=ConnectionPoolSettings{maxSize=100, minSize=0, maxWaitTimeMS=120000, maxConnectionLifeTimeMS=0, maxConnectionIdleTimeMS=0, maintenanceInitialDelayMS=0, maintenanceFrequencyMS=60000, connectionPoolListeners=[], maxConnecting=2}, serverSettings=ServerSettings{heartbeatFrequencyMS=10000, minHeartbeatFrequencyMS=500, serverListeners='[]', serverMonitorListeners='[]'}, sslSettings=SslSettings{enabled=true, invalidHostNameAllowed=false, context=null}, applicationName='null', compressorList=[], uuidRepresentation=UNSPECIFIED, serverApi=ServerApi{version=V1, deprecationErrors=null, strict=null}, autoEncryptionSettings=null, dnsClient=null, inetAddressResolver=null, contextProvider=null}
2024-07-20 19:26:49,021 INFO com.mongodb.internal.diagnostics.logging.SLF4JLogger [cluster-ClusterId{value='669c39a87d427472dc19155a', description='null'}-srv-mazebankcluster.dddrndp.mongodb.net] Adding discovered server ac-tmdvcbz-shard-00-00.dddrndp.mongodb.net:27017 to client view of cluster
2024-07-20 19:26:49,021 INFO com.mongodb.internal.diagnostics.logging.SLF4JLogger [cluster-ClusterId{value='669c39a87d427472dc19155a', description='null'}-srv-mazebankcluster.dddrndp.mongodb.net] Adding discovered server ac-tmdvcbz-shard-00-01.dddrndp.mongodb.net:27017 to client view of cluster
2024-07-20 19:26:49,620 INFO org.apache.juli.logging.DirectJDKLog [main] Starting ProtocolHandler ["http-nio-8080"]
2024-07-20 19:26:49,707 INFO org.springframework.boot.web.embedded.tomcat.TomcatWebServer [main] Tomcat started on port(s): 8080 (http) with context path '/mazebank'
2024-07-20 19:26:49,736 INFO org.springframework.boot.StartupInfoLogger [main] Started MazebankApplication in 2.457 seconds (JVM running for 2.906)
2024-07-20 19:26:49,779 INFO com.mongodb.internal.diagnostics.logging.SLF4JLogger [cluster-ClusterId{value='669c39a87d427472dc19155a', description='null'}-ac-tmdvcbz-shard-00-00.dddrndp.mongodb.net:27017] Monitor thread successfully connected to server with description ServerDescription{address=ac-tmdvcbz-shard-00-00.dddrndp.mongodb.net:27017, type=REPLICA_SET_SECONDARY, state=CONNECTED, ok=true, minWireVersion=0, maxWireVersion=21, maxDocumentSize=16777216, logicalSessionTimeoutMinutes=30, roundTripTimeNanos=458273000, setName='atlas-qhvfd0-shard-0', canonicalAddress=ac-tmdvcbz-shard-00-00.dddrndp.mongodb.net:27017, hosts=[ac-tmdvcbz-shard-00-02.dddrndp.mongodb.net:27017, ac-tmdvcbz-shard-00-00.dddrndp.mongodb.net:27017, ac-tmdvcbz-shard-00-01.dddrndp.mongodb.net:27017], passives=[], arbiters=[], primary='ac-tmdvcbz-shard-00-01.dddrndp.mongodb.net:27017', tagSet=TagSet{[Tag{name='availabilityZone', value='southamerica-east1-a'}, Tag{name='diskState', value='READY'}, Tag{name='nodeType', value='ELECTABLE'}, Tag{name='provider', value='GCP'}, Tag{name='region', value='SOUTH_AMERICA_EAST_1'}, Tag{name='workloadType', value='OPERATIONAL'}]}, electionId=null, setVersion=32, topologyVersion=TopologyVersion{processId=668e95cdbb8bd16ca66ef412, counter=4}, lastWriteDate=Sat Jul 20 19:27:13 BRT 2024, lastUpdateTimeNanos=256178469537400}
2024-07-20 19:26:49,779 INFO com.mongodb.internal.diagnostics.logging.SLF4JLogger [cluster-ClusterId{value='669c39a87d427472dc19155a', description='null'}-ac-tmdvcbz-shard-00-02.dddrndp.mongodb.net:27017] Monitor thread successfully connected to server with description ServerDescription{address=ac-tmdvcbz-shard-00-02.dddrndp.mongodb.net:27017, type=REPLICA_SET_SECONDARY, state=CONNECTED, ok=true, minWireVersion=0, maxWireVersion=21, maxDocumentSize=16777216, logicalSessionTimeoutMinutes=30, roundTripTimeNanos=458251000, setName='atlas-qhvfd0-shard-0', canonicalAddress=ac-tmdvcbz-shard-00-02.dddrndp.mongodb.net:27017, hosts=[ac-tmdvcbz-shard-00-02.dddrndp.mongodb.net:27017, ac-tmdvcbz-shard-00-00.dddrndp.mongodb.net:27017, ac-tmdvcbz-shard-00-01.dddrndp.mongodb.net:27017], passives=[], arbiters=[], primary='ac-tmdvcbz-shard-00-01.dddrndp.mongodb.net:27017', tagSet=TagSet{[Tag{name='availabilityZone', value='southamerica-east1-c'}, Tag{name='diskState', value='READY'}, Tag{name='nodeType', value='ELECTABLE'}, Tag{name='provider', value='GCP'}, Tag{name='region', value='SOUTH_AMERICA_EAST_1'}, Tag{name='workloadType', value='OPERATIONAL'}]}, electionId=null, setVersion=32, topologyVersion=TopologyVersion{processId=668e96757d267586ac9d844d, counter=3}, lastWriteDate=Sat Jul 20 19:27:13 BRT 2024, lastUpdateTimeNanos=256178469537400}
2024-07-20 19:26:49,779 INFO com.mongodb.internal.diagnostics.logging.SLF4JLogger [cluster-ClusterId{value='669c39a87d427472dc19155a', description='null'}-ac-tmdvcbz-shard-00-01.dddrndp.mongodb.net:27017] Monitor thread successfully connected to server with description ServerDescription{address=ac-tmdvcbz-shard-00-01.dddrndp.mongodb.net:27017, type=REPLICA_SET_PRIMARY, state=CONNECTED, ok=true, minWireVersion=0, maxWireVersion=21, maxDocumentSize=16777216, logicalSessionTimeoutMinutes=30, roundTripTimeNanos=458235300, setName='atlas-qhvfd0-shard-0', canonicalAddress=ac-tmdvcbz-shard-00-01.dddrndp.mongodb.net:27017, hosts=[ac-tmdvcbz-shard-00-02.dddrndp.mongodb.net:27017, ac-tmdvcbz-shard-00-00.dddrndp.mongodb.net:27017, ac-tmdvcbz-shard-00-01.dddrndp.mongodb.net:27017], passives=[], arbiters=[], primary='ac-tmdvcbz-shard-00-01.dddrndp.mongodb.net:27017', tagSet=TagSet{[Tag{name='availabilityZone', value='southamerica-east1-b'}, Tag{name='diskState', value='READY'}, Tag{name='nodeType', value='ELECTABLE'}, Tag{name='provider', value='GCP'}, Tag{name='region', value='SOUTH_AMERICA_EAST_1'}, Tag{name='workloadType', value='OPERATIONAL'}]}, electionId=7fffffff00000000000000e8, setVersion=32, topologyVersion=TopologyVersion{processId=668e962053e33eb2d9022a32, counter=6}, lastWriteDate=Sat Jul 20 19:27:13 BRT 2024, lastUpdateTimeNanos=256178469537400}
2024-07-20 19:26:49,785 INFO com.mongodb.internal.diagnostics.logging.SLF4JLogger [cluster-ClusterId{value='669c39a87d427472dc19155a', description='null'}-ac-tmdvcbz-shard-00-01.dddrndp.mongodb.net:27017] Discovered replica set primary ac-tmdvcbz-shard-00-01.dddrndp.mongodb.net:27017 with max election id 7fffffff00000000000000e8 and max set version 32
2024-07-20 19:27:08,332 INFO org.apache.juli.logging.DirectJDKLog [http-nio-8080-exec-1] Initializing Spring DispatcherServlet 'dispatcherServlet'
2024-07-20 19:27:08,334 INFO org.springframework.web.servlet.FrameworkServlet [http-nio-8080-exec-1] Initializing Servlet 'dispatcherServlet'
2024-07-20 19:27:08,334 INFO org.springframework.web.servlet.FrameworkServlet [http-nio-8080-exec-1] Completed initialization in 0 ms
2024-07-20 19:27:08,411 INFO ht.henrique.mazebank.service.impl.ManagementServiceImpl [http-nio-8080-exec-1] Searching user with key: henrique@email.com
2024-07-20 19:27:08,519 INFO ht.henrique.mazebank.service.impl.AuthenticationServiceImpl [http-nio-8080-exec-1] Invalid credentials
2024-07-20 19:27:08,522 ERROR ht.henrique.mazebank.exception.HandleException [http-nio-8080-exec-1] ErrorTemplate(errorCode=400000, errorMessage=Invalid credentials, timeStamp=2024-07-20 19:27:08.521)
2024-07-20 19:27:26,440 INFO org.springframework.boot.StartupInfoLogger [main] Starting MazebankApplication using Java 17.0.11 on HENRIQUE-PC with PID 14696 (E:\Henrique Teixeira\Projetos\Java\mazebank\target\classes started by hthen in E:\Henrique Teixeira\Projetos\Java\mazebank)
2024-07-20 19:27:26,448 INFO org.springframework.boot.SpringApplication [main] No active profile set, falling back to 1 default profile: "default"
2024-07-20 19:27:27,584 INFO org.springframework.boot.web.embedded.tomcat.TomcatWebServer [main] Tomcat initialized with port(s): 8080 (http)
2024-07-20 19:27:27,595 INFO org.apache.juli.logging.DirectJDKLog [main] Initializing ProtocolHandler ["http-nio-8080"]
2024-07-20 19:27:27,595 INFO org.apache.juli.logging.DirectJDKLog [main] Starting service [Tomcat]
2024-07-20 19:27:27,596 INFO org.apache.juli.logging.DirectJDKLog [main] Starting Servlet engine: [Apache Tomcat/9.0.63]
2024-07-20 19:27:27,689 INFO org.apache.juli.logging.DirectJDKLog [main] Initializing Spring embedded WebApplicationContext
2024-07-20 19:27:27,689 INFO org.springframework.boot.web.servlet.context.ServletWebServerApplicationContext [main] Root WebApplicationContext: initialization completed in 1161 ms
2024-07-20 19:27:27,878 INFO com.mongodb.internal.diagnostics.logging.SLF4JLogger [cluster-ClusterId{value='669c39cff4df997161d9a250', description='null'}-srv-mazebankcluster.dddrndp.mongodb.net] Adding discovered server ac-tmdvcbz-shard-00-02.dddrndp.mongodb.net:27017 to client view of cluster
2024-07-20 19:27:27,891 INFO com.mongodb.internal.diagnostics.logging.SLF4JLogger [main] MongoClient with metadata {"driver": {"name": "mongo-java-driver|sync", "version": "4.10.2"}, "os": {"type": "Windows", "name": "Windows 11", "architecture": "amd64", "version": "10.0"}, "platform": "Java/Oracle Corporation/17.0.11+7-LTS-207"} created with settings MongoClientSettings{readPreference=primary, writeConcern=WriteConcern{w=majority, wTimeout=null ms, journal=null}, retryWrites=true, retryReads=true, readConcern=ReadConcern{level=null}, credential=MongoCredential{mechanism=null, userName='mazebank', source='admin', password=<hidden>, mechanismProperties=<hidden>}, streamFactoryFactory=null, commandListeners=[], codecRegistry=ProvidersCodecRegistry{codecProviders=[ValueCodecProvider{}, BsonValueCodecProvider{}, DBRefCodecProvider{}, DBObjectCodecProvider{}, DocumentCodecProvider{}, CollectionCodecProvider{}, IterableCodecProvider{}, MapCodecProvider{}, GeoJsonCodecProvider{}, GridFSFileCodecProvider{}, Jsr310CodecProvider{}, JsonObjectCodecProvider{}, BsonCodecProvider{}, EnumCodecProvider{}, com.mongodb.client.model.mql.ExpressionCodecProvider@77114efe, com.mongodb.Jep395RecordCodecProvider@79a7bfbc, com.mongodb.KotlinCodecProvider@77f68df]}, loggerSettings=LoggerSettings{maxDocumentLength=1000}, clusterSettings={hosts=[127.0.0.1:27017], srvHost=mazebankcluster.dddrndp.mongodb.net, srvServiceName=mongodb, mode=MULTIPLE, requiredClusterType=REPLICA_SET, requiredReplicaSetName='atlas-qhvfd0-shard-0', serverSelector='null', clusterListeners='[]', serverSelectionTimeout='30000 ms', localThreshold='30000 ms'}, socketSettings=SocketSettings{connectTimeoutMS=10000, readTimeoutMS=0, receiveBufferSize=0, sendBufferSize=0}, heartbeatSocketSettings=SocketSettings{connectTimeoutMS=10000, readTimeoutMS=10000, receiveBufferSize=0, sendBufferSize=0}, connectionPoolSettings=ConnectionPoolSettings{maxSize=100, minSize=0, maxWaitTimeMS=120000, maxConnectionLifeTimeMS=0, maxConnectionIdleTimeMS=0, maintenanceInitialDelayMS=0, maintenanceFrequencyMS=60000, connectionPoolListeners=[], maxConnecting=2}, serverSettings=ServerSettings{heartbeatFrequencyMS=10000, minHeartbeatFrequencyMS=500, serverListeners='[]', serverMonitorListeners='[]'}, sslSettings=SslSettings{enabled=true, invalidHostNameAllowed=false, context=null}, applicationName='null', compressorList=[], uuidRepresentation=UNSPECIFIED, serverApi=ServerApi{version=V1, deprecationErrors=null, strict=null}, autoEncryptionSettings=null, dnsClient=null, inetAddressResolver=null, contextProvider=null}
2024-07-20 19:27:27,900 INFO com.mongodb.internal.diagnostics.logging.SLF4JLogger [cluster-ClusterId{value='669c39cff4df997161d9a250', description='null'}-srv-mazebankcluster.dddrndp.mongodb.net] Adding discovered server ac-tmdvcbz-shard-00-00.dddrndp.mongodb.net:27017 to client view of cluster
2024-07-20 19:27:27,901 INFO com.mongodb.internal.diagnostics.logging.SLF4JLogger [cluster-ClusterId{value='669c39cff4df997161d9a250', description='null'}-srv-mazebankcluster.dddrndp.mongodb.net] Adding discovered server ac-tmdvcbz-shard-00-01.dddrndp.mongodb.net:27017 to client view of cluster
2024-07-20 19:27:28,618 INFO com.mongodb.internal.diagnostics.logging.SLF4JLogger [cluster-ClusterId{value='669c39cff4df997161d9a250', description='null'}-ac-tmdvcbz-shard-00-02.dddrndp.mongodb.net:27017] Monitor thread successfully connected to server with description ServerDescription{address=ac-tmdvcbz-shard-00-02.dddrndp.mongodb.net:27017, type=REPLICA_SET_SECONDARY, state=CONNECTED, ok=true, minWireVersion=0, maxWireVersion=21, maxDocumentSize=16777216, logicalSessionTimeoutMinutes=30, roundTripTimeNanos=472076500, setName='atlas-qhvfd0-shard-0', canonicalAddress=ac-tmdvcbz-shard-00-02.dddrndp.mongodb.net:27017, hosts=[ac-tmdvcbz-shard-00-02.dddrndp.mongodb.net:27017, ac-tmdvcbz-shard-00-00.dddrndp.mongodb.net:27017, ac-tmdvcbz-shard-00-01.dddrndp.mongodb.net:27017], passives=[], arbiters=[], primary='ac-tmdvcbz-shard-00-01.dddrndp.mongodb.net:27017', tagSet=TagSet{[Tag{name='availabilityZone', value='southamerica-east1-c'}, Tag{name='diskState', value='READY'}, Tag{name='nodeType', value='ELECTABLE'}, Tag{name='provider', value='GCP'}, Tag{name='region', value='SOUTH_AMERICA_EAST_1'}, Tag{name='workloadType', value='OPERATIONAL'}]}, electionId=null, setVersion=32, topologyVersion=TopologyVersion{processId=668e96757d267586ac9d844d, counter=3}, lastWriteDate=Sat Jul 20 19:27:52 BRT 2024, lastUpdateTimeNanos=256217304747400}
2024-07-20 19:27:28,618 INFO com.mongodb.internal.diagnostics.logging.SLF4JLogger [cluster-ClusterId{value='669c39cff4df997161d9a250', description='null'}-ac-tmdvcbz-shard-00-00.dddrndp.mongodb.net:27017] Monitor thread successfully connected to server with description ServerDescription{address=ac-tmdvcbz-shard-00-00.dddrndp.mongodb.net:27017, type=REPLICA_SET_SECONDARY, state=CONNECTED, ok=true, minWireVersion=0, maxWireVersion=21, maxDocumentSize=16777216, logicalSessionTimeoutMinutes=30, roundTripTimeNanos=472037400, setName='atlas-qhvfd0-shard-0', canonicalAddress=ac-tmdvcbz-shard-00-00.dddrndp.mongodb.net:27017, hosts=[ac-tmdvcbz-shard-00-02.dddrndp.mongodb.net:27017, ac-tmdvcbz-shard-00-00.dddrndp.mongodb.net:27017, ac-tmdvcbz-shard-00-01.dddrndp.mongodb.net:27017], passives=[], arbiters=[], primary='ac-tmdvcbz-shard-00-01.dddrndp.mongodb.net:27017', tagSet=TagSet{[Tag{name='availabilityZone', value='southamerica-east1-a'}, Tag{name='diskState', value='READY'}, Tag{name='nodeType', value='ELECTABLE'}, Tag{name='provider', value='GCP'}, Tag{name='region', value='SOUTH_AMERICA_EAST_1'}, Tag{name='workloadType', value='OPERATIONAL'}]}, electionId=null, setVersion=32, topologyVersion=TopologyVersion{processId=668e95cdbb8bd16ca66ef412, counter=4}, lastWriteDate=Sat Jul 20 19:27:52 BRT 2024, lastUpdateTimeNanos=256217304747300}
2024-07-20 19:27:28,618 INFO com.mongodb.internal.diagnostics.logging.SLF4JLogger [cluster-ClusterId{value='669c39cff4df997161d9a250', description='null'}-ac-tmdvcbz-shard-00-01.dddrndp.mongodb.net:27017] Monitor thread successfully connected to server with description ServerDescription{address=ac-tmdvcbz-shard-00-01.dddrndp.mongodb.net:27017, type=REPLICA_SET_PRIMARY, state=CONNECTED, ok=true, minWireVersion=0, maxWireVersion=21, maxDocumentSize=16777216, logicalSessionTimeoutMinutes=30, roundTripTimeNanos=472041700, setName='atlas-qhvfd0-shard-0', canonicalAddress=ac-tmdvcbz-shard-00-01.dddrndp.mongodb.net:27017, hosts=[ac-tmdvcbz-shard-00-02.dddrndp.mongodb.net:27017, ac-tmdvcbz-shard-00-00.dddrndp.mongodb.net:27017, ac-tmdvcbz-shard-00-01.dddrndp.mongodb.net:27017], passives=[], arbiters=[], primary='ac-tmdvcbz-shard-00-01.dddrndp.mongodb.net:27017', tagSet=TagSet{[Tag{name='availabilityZone', value='southamerica-east1-b'}, Tag{name='diskState', value='READY'}, Tag{name='nodeType', value='ELECTABLE'}, Tag{name='provider', value='GCP'}, Tag{name='region', value='SOUTH_AMERICA_EAST_1'}, Tag{name='workloadType', value='OPERATIONAL'}]}, electionId=7fffffff00000000000000e8, setVersion=32, topologyVersion=TopologyVersion{processId=668e962053e33eb2d9022a32, counter=6}, lastWriteDate=Sat Jul 20 19:27:52 BRT 2024, lastUpdateTimeNanos=256217304747300}
2024-07-20 19:27:28,623 INFO org.apache.juli.logging.DirectJDKLog [main] Starting ProtocolHandler ["http-nio-8080"]
2024-07-20 19:27:28,633 INFO com.mongodb.internal.diagnostics.logging.SLF4JLogger [cluster-ClusterId{value='669c39cff4df997161d9a250', description='null'}-ac-tmdvcbz-shard-00-01.dddrndp.mongodb.net:27017] Discovered replica set primary ac-tmdvcbz-shard-00-01.dddrndp.mongodb.net:27017 with max election id 7fffffff00000000000000e8 and max set version 32
2024-07-20 19:27:28,681 INFO org.springframework.boot.web.embedded.tomcat.TomcatWebServer [main] Tomcat started on port(s): 8080 (http) with context path '/mazebank'
2024-07-20 19:27:28,703 INFO org.springframework.boot.StartupInfoLogger [main] Started MazebankApplication in 2.681 seconds (JVM running for 3.539)
2024-07-20 19:27:54,134 INFO org.apache.juli.logging.DirectJDKLog [http-nio-8080-exec-1] Initializing Spring DispatcherServlet 'dispatcherServlet'
2024-07-20 19:27:54,134 INFO org.springframework.web.servlet.FrameworkServlet [http-nio-8080-exec-1] Initializing Servlet 'dispatcherServlet'
2024-07-20 19:27:54,135 INFO org.springframework.web.servlet.FrameworkServlet [http-nio-8080-exec-1] Completed initialization in 1 ms
2024-07-20 19:27:54,215 INFO ht.henrique.mazebank.service.impl.ManagementServiceImpl [http-nio-8080-exec-1] Searching user with key: henrique@email.com
2024-07-20 19:27:58,071 INFO ht.henrique.mazebank.service.impl.AuthenticationServiceImpl [http-nio-8080-exec-1] Invalid credentials
2024-07-20 19:27:58,075 ERROR ht.henrique.mazebank.exception.HandleException [http-nio-8080-exec-1] ErrorTemplate(errorCode=400000, errorMessage=Invalid credentials, timeStamp=2024-07-20 19:27:58.074)
2024-07-20 19:28:35,100 INFO ht.henrique.mazebank.service.impl.ManagementServiceImpl [http-nio-8080-exec-3] Searching user with key: henrique@email.com
2024-07-20 19:28:56,783 INFO ht.henrique.mazebank.service.impl.ManagementServiceImpl [http-nio-8080-exec-4] Searching user with key: henrique@email.com
2024-07-20 19:28:56,789 INFO ht.henrique.mazebank.service.impl.AuthenticationServiceImpl [http-nio-8080-exec-4] Logged with success
2024-07-20 19:28:56,827 INFO ht.henrique.mazebank.service.impl.ManagementServiceImpl [http-nio-8080-exec-5] Searching user with key: henrique@email.com
2024-07-20 19:28:56,832 INFO ht.henrique.mazebank.service.impl.ManagementServiceImpl [http-nio-8080-exec-5] User founded with uid 669c3a13f4df997161d9a251
2024-07-20 19:30:23,574 INFO ht.henrique.mazebank.service.impl.ManagementServiceImpl [http-nio-8080-exec-7] Searching user with key: henrique@email.com
2024-07-20 19:30:23,580 INFO ht.henrique.mazebank.service.impl.ManagementServiceImpl [http-nio-8080-exec-7] User founded with uid 669c3a13f4df997161d9a251
2024-07-20 19:30:28,104 INFO ht.henrique.mazebank.service.impl.ManagementServiceImpl [http-nio-8080-exec-8] Searching user with key: henrique@email.com
2024-07-20 19:30:28,110 INFO ht.henrique.mazebank.service.impl.ManagementServiceImpl [http-nio-8080-exec-8] User founded with uid 669c3a13f4df997161d9a251
2024-07-20 19:30:30,810 INFO ht.henrique.mazebank.service.impl.ManagementServiceImpl [http-nio-8080-exec-9] Searching user with key: henrique@email.com
2024-07-20 19:30:30,816 INFO ht.henrique.mazebank.service.impl.ManagementServiceImpl [http-nio-8080-exec-9] User founded with uid 669c3a13f4df997161d9a251
2024-07-20 19:30:38,074 INFO ht.henrique.mazebank.service.impl.ManagementServiceImpl [http-nio-8080-exec-5] Searching user with key: henrique@email.com
2024-07-20 19:30:38,081 INFO ht.henrique.mazebank.service.impl.ManagementServiceImpl [http-nio-8080-exec-5] User founded with uid 669c3a13f4df997161d9a251
2024-07-20 20:04:46,312 INFO ht.henrique.mazebank.service.impl.ManagementServiceImpl [http-nio-8080-exec-8] Searching user with key: henrique@email.com
2024-07-20 20:04:46,319 INFO ht.henrique.mazebank.service.impl.AuthenticationServiceImpl [http-nio-8080-exec-8] Logged with success
2024-07-20 20:04:46,354 INFO ht.henrique.mazebank.service.impl.ManagementServiceImpl [http-nio-8080-exec-10] Searching user with key: henrique@email.com
2024-07-20 20:04:46,360 INFO ht.henrique.mazebank.service.impl.ManagementServiceImpl [http-nio-8080-exec-10] User founded with uid 669c3a13f4df997161d9a251
2024-07-20 20:05:24,972 INFO ht.henrique.mazebank.service.impl.ManagementServiceImpl [http-nio-8080-exec-1] Searching user with key: henrique@email.com
2024-07-20 20:05:24,978 INFO ht.henrique.mazebank.service.impl.ManagementServiceImpl [http-nio-8080-exec-1] User founded with uid 669c3a13f4df997161d9a251
2024-07-20 20:08:44,096 INFO ht.henrique.mazebank.service.impl.ManagementServiceImpl [http-nio-8080-exec-3] Searching user with key: henrique@email.com
2024-07-20 20:08:44,102 INFO ht.henrique.mazebank.service.impl.ManagementServiceImpl [http-nio-8080-exec-3] User founded with uid 669c3a13f4df997161d9a251
2024-07-20 20:09:02,091 INFO ht.henrique.mazebank.service.impl.ManagementServiceImpl [http-nio-8080-exec-4] Searching user with key: henrique@email.com
2024-07-20 20:09:02,098 INFO ht.henrique.mazebank.service.impl.ManagementServiceImpl [http-nio-8080-exec-4] User founded with uid 669c3a13f4df997161d9a251
2024-07-20 20:09:16,854 INFO ht.henrique.mazebank.service.impl.ManagementServiceImpl [http-nio-8080-exec-5] Searching user with key: henrique@email.com
2024-07-20 20:09:16,860 INFO ht.henrique.mazebank.service.impl.ManagementServiceImpl [http-nio-8080-exec-5] User founded with uid 669c3a13f4df997161d9a251
2024-07-20 20:10:40,386 INFO ht.henrique.mazebank.service.impl.ManagementServiceImpl [http-nio-8080-exec-7] Searching user with key: henrique@email.com
2024-07-20 20:10:40,393 INFO ht.henrique.mazebank.service.impl.ManagementServiceImpl [http-nio-8080-exec-7] User founded with uid 669c3a13f4df997161d9a251
2024-07-20 20:12:06,728 INFO ht.henrique.mazebank.service.impl.ManagementServiceImpl [http-nio-8080-exec-9] Searching user with key: henrique@email.com
2024-07-20 20:12:06,735 INFO ht.henrique.mazebank.service.impl.ManagementServiceImpl [http-nio-8080-exec-9] User founded with uid 669c3a13f4df997161d9a251
2024-07-20 20:12:09,714 INFO ht.henrique.mazebank.service.impl.ManagementServiceImpl [http-nio-8080-exec-10] Searching user with key: henrique@email.com
2024-07-20 20:12:09,720 INFO ht.henrique.mazebank.service.impl.ManagementServiceImpl [http-nio-8080-exec-10] User founded with uid 669c3a13f4df997161d9a251
2024-07-20 20:12:20,347 INFO ht.henrique.mazebank.service.impl.ManagementServiceImpl [http-nio-8080-exec-1] Searching user with key: henrique@email.com
2024-07-20 20:12:20,352 INFO ht.henrique.mazebank.service.impl.ManagementServiceImpl [http-nio-8080-exec-1] User founded with uid 669c3a13f4df997161d9a251
2024-07-20 20:12:35,244 INFO ht.henrique.mazebank.service.impl.ManagementServiceImpl [http-nio-8080-exec-2] Searching user with key: henrique@email.com
2024-07-20 20:12:35,250 INFO ht.henrique.mazebank.service.impl.ManagementServiceImpl [http-nio-8080-exec-2] User founded with uid 669c3a13f4df997161d9a251
2024-07-20 20:12:40,216 INFO ht.henrique.mazebank.service.impl.ManagementServiceImpl [http-nio-8080-exec-3] Searching user with key: henrique@email.com
2024-07-20 20:12:40,221 INFO ht.henrique.mazebank.service.impl.ManagementServiceImpl [http-nio-8080-exec-3] User founded with uid 669c3a13f4df997161d9a251
2024-07-20 20:12:42,975 INFO ht.henrique.mazebank.service.impl.ManagementServiceImpl [http-nio-8080-exec-4] Searching user with key: henrique@email.com
2024-07-20 20:12:42,980 INFO ht.henrique.mazebank.service.impl.ManagementServiceImpl [http-nio-8080-exec-4] User founded with uid 669c3a13f4df997161d9a251
2024-07-20 20:12:43,970 INFO ht.henrique.mazebank.service.impl.ManagementServiceImpl [http-nio-8080-exec-5] Searching user with key: henrique@email.com
2024-07-20 20:12:43,976 INFO ht.henrique.mazebank.service.impl.ManagementServiceImpl [http-nio-8080-exec-5] User founded with uid 669c3a13f4df997161d9a251
2024-07-20 20:12:46,047 INFO ht.henrique.mazebank.service.impl.ManagementServiceImpl [http-nio-8080-exec-6] Searching user with key: henrique@email.com
2024-07-20 20:12:46,053 INFO ht.henrique.mazebank.service.impl.ManagementServiceImpl [http-nio-8080-exec-6] User founded with uid 669c3a13f4df997161d9a251
2024-07-20 20:14:36,366 INFO ht.henrique.mazebank.service.impl.ManagementServiceImpl [http-nio-8080-exec-8] Searching user with key: henrique@email.com
2024-07-20 20:14:36,373 INFO ht.henrique.mazebank.service.impl.ManagementServiceImpl [http-nio-8080-exec-8] User founded with uid 669c3a13f4df997161d9a251
2024-07-20 20:14:37,767 INFO ht.henrique.mazebank.service.impl.ManagementServiceImpl [http-nio-8080-exec-9] Searching user with key: henrique@email.com
2024-07-20 20:14:37,774 INFO ht.henrique.mazebank.service.impl.ManagementServiceImpl [http-nio-8080-exec-9] User founded with uid 669c3a13f4df997161d9a251
2024-07-20 20:14:59,760 INFO ht.henrique.mazebank.service.impl.ManagementServiceImpl [http-nio-8080-exec-10] Searching user with key: henrique@email.com
2024-07-20 20:14:59,765 INFO ht.henrique.mazebank.service.impl.ManagementServiceImpl [http-nio-8080-exec-10] User founded with uid 669c3a13f4df997161d9a251
2024-07-20 20:15:10,665 INFO ht.henrique.mazebank.service.impl.ManagementServiceImpl [http-nio-8080-exec-1] Searching user with key: henrique@email.com
2024-07-20 20:15:10,671 INFO ht.henrique.mazebank.service.impl.ManagementServiceImpl [http-nio-8080-exec-1] User founded with uid 669c3a13f4df997161d9a251
2024-07-20 20:16:02,662 INFO ht.henrique.mazebank.service.impl.ManagementServiceImpl [http-nio-8080-exec-2] Searching user with key: henrique@email.com
2024-07-20 20:16:02,668 INFO ht.henrique.mazebank.service.impl.ManagementServiceImpl [http-nio-8080-exec-2] User founded with uid 669c3a13f4df997161d9a251
2024-07-20 20:16:12,695 INFO ht.henrique.mazebank.service.impl.ManagementServiceImpl [http-nio-8080-exec-3] Searching user with key: henrique@email.com
2024-07-20 20:16:12,700 INFO ht.henrique.mazebank.service.impl.ManagementServiceImpl [http-nio-8080-exec-3] User founded with uid 669c3a13f4df997161d9a251
2024-07-20 20:20:34,568 INFO ht.henrique.mazebank.service.impl.ManagementServiceImpl [http-nio-8080-exec-5] Searching user with key: henrique@email.com
2024-07-20 20:20:34,574 INFO ht.henrique.mazebank.service.impl.ManagementServiceImpl [http-nio-8080-exec-5] User founded with uid 669c3a13f4df997161d9a251
2024-07-20 20:20:37,168 INFO ht.henrique.mazebank.service.impl.ManagementServiceImpl [http-nio-8080-exec-6] Searching user with key: henrique@email.com
2024-07-20 20:20:37,176 INFO ht.henrique.mazebank.service.impl.ManagementServiceImpl [http-nio-8080-exec-6] User founded with uid 669c3a13f4df997161d9a251
2024-07-20 20:20:39,578 INFO ht.henrique.mazebank.service.impl.ManagementServiceImpl [http-nio-8080-exec-7] Searching user with key: henrique@email.com
2024-07-20 20:20:39,584 INFO ht.henrique.mazebank.service.impl.ManagementServiceImpl [http-nio-8080-exec-7] User founded with uid 669c3a13f4df997161d9a251
2024-07-20 20:20:40,670 INFO ht.henrique.mazebank.service.impl.ManagementServiceImpl [http-nio-8080-exec-8] Searching user with key: henrique@email.com
2024-07-20 20:20:40,946 INFO ht.henrique.mazebank.service.impl.ManagementServiceImpl [http-nio-8080-exec-8] User founded with uid 669c3a13f4df997161d9a251
2024-07-20 20:20:44,912 INFO ht.henrique.mazebank.service.impl.ManagementServiceImpl [http-nio-8080-exec-9] Searching user with key: henrique@email.com
2024-07-20 20:20:44,918 INFO ht.henrique.mazebank.service.impl.ManagementServiceImpl [http-nio-8080-exec-9] User founded with uid 669c3a13f4df997161d9a251
2024-07-20 20:20:47,412 INFO ht.henrique.mazebank.service.impl.ManagementServiceImpl [http-nio-8080-exec-10] Searching user with key: henrique@email.com
2024-07-20 20:20:47,417 INFO ht.henrique.mazebank.service.impl.ManagementServiceImpl [http-nio-8080-exec-10] User founded with uid 669c3a13f4df997161d9a251
2024-07-20 20:20:51,349 INFO ht.henrique.mazebank.service.impl.ManagementServiceImpl [http-nio-8080-exec-1] Searching user with key: henrique@email.com
2024-07-20 20:20:51,355 INFO ht.henrique.mazebank.service.impl.ManagementServiceImpl [http-nio-8080-exec-1] User founded with uid 669c3a13f4df997161d9a251
2024-07-20 20:23:31,182 INFO ht.henrique.mazebank.service.impl.ManagementServiceImpl [http-nio-8080-exec-3] Searching user with key: henrique@email.com
2024-07-20 20:23:31,187 INFO ht.henrique.mazebank.service.impl.ManagementServiceImpl [http-nio-8080-exec-3] User founded with uid 669c3a13f4df997161d9a251
2024-07-20 20:27:48,287 INFO ht.henrique.mazebank.service.impl.ManagementServiceImpl [http-nio-8080-exec-5] Searching user with key: henrique@email.com
2024-07-20 20:27:48,293 INFO ht.henrique.mazebank.service.impl.ManagementServiceImpl [http-nio-8080-exec-5] User founded with uid 669c3a13f4df997161d9a251
2024-07-20 20:28:10,849 INFO ht.henrique.mazebank.service.impl.ManagementServiceImpl [http-nio-8080-exec-6] Searching user with key: henrique@email.com
2024-07-20 20:28:10,855 INFO ht.henrique.mazebank.service.impl.ManagementServiceImpl [http-nio-8080-exec-6] User founded with uid 669c3a13f4df997161d9a251
2024-07-20 20:28:13,136 INFO ht.henrique.mazebank.service.impl.ManagementServiceImpl [http-nio-8080-exec-7] Searching user with key: henrique@email.com
2024-07-20 20:28:13,143 INFO ht.henrique.mazebank.service.impl.ManagementServiceImpl [http-nio-8080-exec-7] User founded with uid 669c3a13f4df997161d9a251
2024-07-20 20:28:16,430 INFO ht.henrique.mazebank.service.impl.ManagementServiceImpl [http-nio-8080-exec-8] Searching user with key: henrique@email.com
2024-07-20 20:28:16,436 INFO ht.henrique.mazebank.service.impl.ManagementServiceImpl [http-nio-8080-exec-8] User founded with uid 669c3a13f4df997161d9a251
2024-07-20 20:28:58,894 INFO ht.henrique.mazebank.service.impl.ManagementServiceImpl [http-nio-8080-exec-9] Searching user with key: henrique@email.com
2024-07-20 20:28:58,900 INFO ht.henrique.mazebank.service.impl.ManagementServiceImpl [http-nio-8080-exec-9] User founded with uid 669c3a13f4df997161d9a251
2024-07-20 20:29:04,108 INFO ht.henrique.mazebank.service.impl.ManagementServiceImpl [http-nio-8080-exec-10] Searching user with key: henrique@email.com
2024-07-20 20:29:04,114 INFO ht.henrique.mazebank.service.impl.ManagementServiceImpl [http-nio-8080-exec-10] User founded with uid 669c3a13f4df997161d9a251
2024-07-20 20:29:06,772 INFO ht.henrique.mazebank.service.impl.ManagementServiceImpl [http-nio-8080-exec-1] Searching user with key: henrique@email.com
2024-07-20 20:29:06,777 INFO ht.henrique.mazebank.service.impl.ManagementServiceImpl [http-nio-8080-exec-1] User founded with uid 669c3a13f4df997161d9a251
2024-07-20 20:29:11,421 INFO ht.henrique.mazebank.service.impl.ManagementServiceImpl [http-nio-8080-exec-2] Searching user with key: henrique@email.com
2024-07-20 20:29:11,427 INFO ht.henrique.mazebank.service.impl.ManagementServiceImpl [http-nio-8080-exec-2] User founded with uid 669c3a13f4df997161d9a251
2024-07-20 20:29:14,964 INFO ht.henrique.mazebank.service.impl.ManagementServiceImpl [http-nio-8080-exec-3] Searching user with key: henrique@email.com
2024-07-20 20:29:14,970 INFO ht.henrique.mazebank.service.impl.ManagementServiceImpl [http-nio-8080-exec-3] User founded with uid 669c3a13f4df997161d9a251
2024-07-20 20:29:19,571 INFO ht.henrique.mazebank.service.impl.ManagementServiceImpl [http-nio-8080-exec-4] Searching user with key: henrique@email.com
2024-07-20 20:29:19,577 INFO ht.henrique.mazebank.service.impl.ManagementServiceImpl [http-nio-8080-exec-4] User founded with uid 669c3a13f4df997161d9a251
2024-07-20 20:29:22,576 INFO ht.henrique.mazebank.service.impl.ManagementServiceImpl [http-nio-8080-exec-5] Searching user with key: henrique@email.com
2024-07-20 20:29:22,581 INFO ht.henrique.mazebank.service.impl.ManagementServiceImpl [http-nio-8080-exec-5] User founded with uid 669c3a13f4df997161d9a251
2024-07-20 20:29:25,812 INFO ht.henrique.mazebank.service.impl.ManagementServiceImpl [http-nio-8080-exec-6] Searching user with key: henrique@email.com
2024-07-20 20:29:25,817 INFO ht.henrique.mazebank.service.impl.ManagementServiceImpl [http-nio-8080-exec-6] User founded with uid 669c3a13f4df997161d9a251
2024-07-20 20:29:29,024 INFO ht.henrique.mazebank.service.impl.ManagementServiceImpl [http-nio-8080-exec-7] Searching user with key: henrique@email.com
2024-07-20 20:29:29,030 INFO ht.henrique.mazebank.service.impl.ManagementServiceImpl [http-nio-8080-exec-7] User founded with uid 669c3a13f4df997161d9a251
2024-07-20 20:29:32,777 INFO ht.henrique.mazebank.service.impl.ManagementServiceImpl [http-nio-8080-exec-8] Searching user with key: henrique@email.com
2024-07-20 20:29:32,784 INFO ht.henrique.mazebank.service.impl.ManagementServiceImpl [http-nio-8080-exec-8] User founded with uid 669c3a13f4df997161d9a251
2024-07-20 20:30:31,484 INFO ht.henrique.mazebank.service.impl.ManagementServiceImpl [http-nio-8080-exec-9] Searching user with key: henrique@email.com
2024-07-20 20:30:31,491 INFO ht.henrique.mazebank.service.impl.ManagementServiceImpl [http-nio-8080-exec-9] User founded with uid 669c3a13f4df997161d9a251
2024-07-20 20:30:32,832 INFO ht.henrique.mazebank.service.impl.ManagementServiceImpl [http-nio-8080-exec-10] Searching user with key: henrique@email.com
2024-07-20 20:30:32,837 INFO ht.henrique.mazebank.service.impl.ManagementServiceImpl [http-nio-8080-exec-10] User founded with uid 669c3a13f4df997161d9a251
2024-07-20 20:30:41,680 INFO ht.henrique.mazebank.service.impl.ManagementServiceImpl [http-nio-8080-exec-1] Searching user with key: henrique@email.com
2024-07-20 20:30:41,689 INFO ht.henrique.mazebank.service.impl.ManagementServiceImpl [http-nio-8080-exec-1] User founded with uid 669c3a13f4df997161d9a251
2024-07-20 20:30:47,065 INFO ht.henrique.mazebank.service.impl.ManagementServiceImpl [http-nio-8080-exec-2] Searching user with key: henrique@email.com
2024-07-20 20:30:47,072 INFO ht.henrique.mazebank.service.impl.ManagementServiceImpl [http-nio-8080-exec-2] User founded with uid 669c3a13f4df997161d9a251
2024-07-20 20:30:49,522 INFO ht.henrique.mazebank.service.impl.ManagementServiceImpl [http-nio-8080-exec-3] Searching user with key: henrique@email.com
2024-07-20 20:30:49,528 INFO ht.henrique.mazebank.service.impl.ManagementServiceImpl [http-nio-8080-exec-3] User founded with uid 669c3a13f4df997161d9a251
2024-07-20 20:30:51,776 INFO ht.henrique.mazebank.service.impl.ManagementServiceImpl [http-nio-8080-exec-4] Searching user with key: henrique@email.com
2024-07-20 20:30:51,782 INFO ht.henrique.mazebank.service.impl.ManagementServiceImpl [http-nio-8080-exec-4] User founded with uid 669c3a13f4df997161d9a251
2024-07-20 20:31:00,039 INFO ht.henrique.mazebank.service.impl.ManagementServiceImpl [http-nio-8080-exec-5] Searching user with key: henrique@email.com
2024-07-20 20:31:00,046 INFO ht.henrique.mazebank.service.impl.ManagementServiceImpl [http-nio-8080-exec-5] User founded with uid 669c3a13f4df997161d9a251
2024-07-20 20:31:06,388 INFO ht.henrique.mazebank.service.impl.ManagementServiceImpl [http-nio-8080-exec-6] Searching user with key: henrique@email.com
2024-07-20 20:31:06,393 INFO ht.henrique.mazebank.service.impl.ManagementServiceImpl [http-nio-8080-exec-6] User founded with uid 669c3a13f4df997161d9a251
2024-07-20 20:31:30,928 INFO ht.henrique.mazebank.service.impl.ManagementServiceImpl [http-nio-8080-exec-7] Searching user with key: henrique@email.com
2024-07-20 20:31:30,936 INFO ht.henrique.mazebank.service.impl.ManagementServiceImpl [http-nio-8080-exec-7] User founded with uid 669c3a13f4df997161d9a251
2024-07-20 20:32:04,414 INFO ht.henrique.mazebank.service.impl.ManagementServiceImpl [http-nio-8080-exec-8] Searching user with key: henrique@email.com
2024-07-20 20:32:04,419 INFO ht.henrique.mazebank.service.impl.ManagementServiceImpl [http-nio-8080-exec-8] User founded with uid 669c3a13f4df997161d9a251
2024-07-20 20:32:12,792 INFO ht.henrique.mazebank.service.impl.ManagementServiceImpl [http-nio-8080-exec-9] Searching user with key: henrique@email.com
2024-07-20 20:32:12,798 INFO ht.henrique.mazebank.service.impl.ManagementServiceImpl [http-nio-8080-exec-9] User founded with uid 669c3a13f4df997161d9a251
2024-07-20 20:32:18,863 INFO ht.henrique.mazebank.service.impl.ManagementServiceImpl [http-nio-8080-exec-10] Searching user with key: henrique@email.com
2024-07-20 20:32:18,869 INFO ht.henrique.mazebank.service.impl.ManagementServiceImpl [http-nio-8080-exec-10] User founded with uid 669c3a13f4df997161d9a251
2024-07-20 20:32:20,017 INFO ht.henrique.mazebank.service.impl.ManagementServiceImpl [http-nio-8080-exec-1] Searching user with key: henrique@email.com
2024-07-20 20:32:20,024 INFO ht.henrique.mazebank.service.impl.ManagementServiceImpl [http-nio-8080-exec-1] User founded with uid 669c3a13f4df997161d9a251
2024-07-20 20:33:00,426 INFO ht.henrique.mazebank.service.impl.ManagementServiceImpl [http-nio-8080-exec-2] Searching user with key: henrique@email.com
2024-07-20 20:33:00,432 INFO ht.henrique.mazebank.service.impl.ManagementServiceImpl [http-nio-8080-exec-2] User founded with uid 669c3a13f4df997161d9a251
2024-07-20 20:33:22,422 INFO ht.henrique.mazebank.service.impl.ManagementServiceImpl [http-nio-8080-exec-3] Searching user with key: henrique@email.com
2024-07-20 20:33:22,428 INFO ht.henrique.mazebank.service.impl.ManagementServiceImpl [http-nio-8080-exec-3] User founded with uid 669c3a13f4df997161d9a251
2024-07-20 20:33:47,438 INFO ht.henrique.mazebank.service.impl.ManagementServiceImpl [http-nio-8080-exec-4] Searching user with key: henrique@email.com
2024-07-20 20:33:47,444 INFO ht.henrique.mazebank.service.impl.ManagementServiceImpl [http-nio-8080-exec-4] User founded with uid 669c3a13f4df997161d9a251
2024-07-20 20:40:53,356 INFO ht.henrique.mazebank.service.impl.ManagementServiceImpl [http-nio-8080-exec-7] Searching user with key: henrique@email.com
2024-07-20 20:40:53,364 INFO ht.henrique.mazebank.service.impl.AuthenticationServiceImpl [http-nio-8080-exec-7] Logged with success
2024-07-20 20:40:53,398 INFO ht.henrique.mazebank.service.impl.ManagementServiceImpl [http-nio-8080-exec-9] Searching user with key: henrique@email.com
2024-07-20 20:40:53,403 INFO ht.henrique.mazebank.service.impl.ManagementServiceImpl [http-nio-8080-exec-9] User founded with uid 669c3a13f4df997161d9a251
2024-07-20 21:04:16,229 INFO ht.henrique.mazebank.service.impl.ManagementServiceImpl [http-nio-8080-exec-3] Searching user with key: henrique@email.com
2024-07-20 21:04:16,235 INFO ht.henrique.mazebank.service.impl.ManagementServiceImpl [http-nio-8080-exec-3] User founded with uid 669c3a13f4df997161d9a251
2024-07-20 21:04:22,252 INFO ht.henrique.mazebank.service.impl.ManagementServiceImpl [http-nio-8080-exec-4] Searching user with key: henrique@email.com
2024-07-20 21:04:22,259 INFO ht.henrique.mazebank.service.impl.AuthenticationServiceImpl [http-nio-8080-exec-4] Logged with success
2024-07-20 21:04:22,290 INFO ht.henrique.mazebank.service.impl.ManagementServiceImpl [http-nio-8080-exec-5] Searching user with key: henrique@email.com
2024-07-20 21:04:22,296 INFO ht.henrique.mazebank.service.impl.ManagementServiceImpl [http-nio-8080-exec-5] User founded with uid 669c3a13f4df997161d9a251
2024-07-20 21:31:16,615 INFO org.springframework.boot.StartupInfoLogger [main] Starting MazebankApplication using Java 17.0.11 on HENRIQUE-PC with PID 35384 (E:\Henrique Teixeira\Projetos\Java\mazebank\target\classes started by hthen in E:\Henrique Teixeira\Projetos\Java\mazebank)
2024-07-20 21:31:16,619 INFO org.springframework.boot.SpringApplication [main] No active profile set, falling back to 1 default profile: "default"
2024-07-20 21:31:17,820 INFO org.springframework.boot.web.embedded.tomcat.TomcatWebServer [main] Tomcat initialized with port(s): 8080 (http)
2024-07-20 21:31:17,836 INFO org.apache.juli.logging.DirectJDKLog [main] Initializing ProtocolHandler ["http-nio-8080"]
2024-07-20 21:31:17,836 INFO org.apache.juli.logging.DirectJDKLog [main] Starting service [Tomcat]
2024-07-20 21:31:17,836 INFO org.apache.juli.logging.DirectJDKLog [main] Starting Servlet engine: [Apache Tomcat/9.0.63]
2024-07-20 21:31:17,934 INFO org.apache.juli.logging.DirectJDKLog [main] Initializing Spring embedded WebApplicationContext
2024-07-20 21:31:17,934 INFO org.springframework.boot.web.servlet.context.ServletWebServerApplicationContext [main] Root WebApplicationContext: initialization completed in 1243 ms
2024-07-20 21:31:18,116 INFO com.mongodb.internal.diagnostics.logging.SLF4JLogger [cluster-ClusterId{value='669c56d67e21ea6b7bd60eee', description='null'}-srv-mazebankcluster.dddrndp.mongodb.net] Adding discovered server ac-tmdvcbz-shard-00-02.dddrndp.mongodb.net:27017 to client view of cluster
2024-07-20 21:31:18,127 INFO com.mongodb.internal.diagnostics.logging.SLF4JLogger [main] MongoClient with metadata {"driver": {"name": "mongo-java-driver|sync", "version": "4.10.2"}, "os": {"type": "Windows", "name": "Windows 11", "architecture": "amd64", "version": "10.0"}, "platform": "Java/Oracle Corporation/17.0.11+7-LTS-207"} created with settings MongoClientSettings{readPreference=primary, writeConcern=WriteConcern{w=majority, wTimeout=null ms, journal=null}, retryWrites=true, retryReads=true, readConcern=ReadConcern{level=null}, credential=MongoCredential{mechanism=null, userName='mazebank', source='admin', password=<hidden>, mechanismProperties=<hidden>}, streamFactoryFactory=null, commandListeners=[], codecRegistry=ProvidersCodecRegistry{codecProviders=[ValueCodecProvider{}, BsonValueCodecProvider{}, DBRefCodecProvider{}, DBObjectCodecProvider{}, DocumentCodecProvider{}, CollectionCodecProvider{}, IterableCodecProvider{}, MapCodecProvider{}, GeoJsonCodecProvider{}, GridFSFileCodecProvider{}, Jsr310CodecProvider{}, JsonObjectCodecProvider{}, BsonCodecProvider{}, EnumCodecProvider{}, com.mongodb.client.model.mql.ExpressionCodecProvider@6296474f, com.mongodb.Jep395RecordCodecProvider@4288d98e, com.mongodb.KotlinCodecProvider@169268a7]}, loggerSettings=LoggerSettings{maxDocumentLength=1000}, clusterSettings={hosts=[127.0.0.1:27017], srvHost=mazebankcluster.dddrndp.mongodb.net, srvServiceName=mongodb, mode=MULTIPLE, requiredClusterType=REPLICA_SET, requiredReplicaSetName='atlas-qhvfd0-shard-0', serverSelector='null', clusterListeners='[]', serverSelectionTimeout='30000 ms', localThreshold='30000 ms'}, socketSettings=SocketSettings{connectTimeoutMS=10000, readTimeoutMS=0, receiveBufferSize=0, sendBufferSize=0}, heartbeatSocketSettings=SocketSettings{connectTimeoutMS=10000, readTimeoutMS=10000, receiveBufferSize=0, sendBufferSize=0}, connectionPoolSettings=ConnectionPoolSettings{maxSize=100, minSize=0, maxWaitTimeMS=120000, maxConnectionLifeTimeMS=0, maxConnectionIdleTimeMS=0, maintenanceInitialDelayMS=0, maintenanceFrequencyMS=60000, connectionPoolListeners=[], maxConnecting=2}, serverSettings=ServerSettings{heartbeatFrequencyMS=10000, minHeartbeatFrequencyMS=500, serverListeners='[]', serverMonitorListeners='[]'}, sslSettings=SslSettings{enabled=true, invalidHostNameAllowed=false, context=null}, applicationName='null', compressorList=[], uuidRepresentation=UNSPECIFIED, serverApi=ServerApi{version=V1, deprecationErrors=null, strict=null}, autoEncryptionSettings=null, dnsClient=null, inetAddressResolver=null, contextProvider=null}
2024-07-20 21:31:18,141 INFO com.mongodb.internal.diagnostics.logging.SLF4JLogger [cluster-ClusterId{value='669c56d67e21ea6b7bd60eee', description='null'}-srv-mazebankcluster.dddrndp.mongodb.net] Adding discovered server ac-tmdvcbz-shard-00-00.dddrndp.mongodb.net:27017 to client view of cluster
2024-07-20 21:31:18,142 INFO com.mongodb.internal.diagnostics.logging.SLF4JLogger [cluster-ClusterId{value='669c56d67e21ea6b7bd60eee', description='null'}-srv-mazebankcluster.dddrndp.mongodb.net] Adding discovered server ac-tmdvcbz-shard-00-01.dddrndp.mongodb.net:27017 to client view of cluster
2024-07-20 21:31:18,879 INFO com.mongodb.internal.diagnostics.logging.SLF4JLogger [cluster-ClusterId{value='669c56d67e21ea6b7bd60eee', description='null'}-ac-tmdvcbz-shard-00-01.dddrndp.mongodb.net:27017] Monitor thread successfully connected to server with description ServerDescription{address=ac-tmdvcbz-shard-00-01.dddrndp.mongodb.net:27017, type=REPLICA_SET_PRIMARY, state=CONNECTED, ok=true, minWireVersion=0, maxWireVersion=21, maxDocumentSize=16777216, logicalSessionTimeoutMinutes=30, roundTripTimeNanos=447585000, setName='atlas-qhvfd0-shard-0', canonicalAddress=ac-tmdvcbz-shard-00-01.dddrndp.mongodb.net:27017, hosts=[ac-tmdvcbz-shard-00-02.dddrndp.mongodb.net:27017, ac-tmdvcbz-shard-00-00.dddrndp.mongodb.net:27017, ac-tmdvcbz-shard-00-01.dddrndp.mongodb.net:27017], passives=[], arbiters=[], primary='ac-tmdvcbz-shard-00-01.dddrndp.mongodb.net:27017', tagSet=TagSet{[Tag{name='availabilityZone', value='southamerica-east1-b'}, Tag{name='diskState', value='READY'}, Tag{name='nodeType', value='ELECTABLE'}, Tag{name='provider', value='GCP'}, Tag{name='region', value='SOUTH_AMERICA_EAST_1'}, Tag{name='workloadType', value='OPERATIONAL'}]}, electionId=7fffffff00000000000000e8, setVersion=32, topologyVersion=TopologyVersion{processId=668e962053e33eb2d9022a32, counter=6}, lastWriteDate=Sat Jul 20 21:31:43 BRT 2024, lastUpdateTimeNanos=263647565995600}
2024-07-20 21:31:18,879 INFO com.mongodb.internal.diagnostics.logging.SLF4JLogger [cluster-ClusterId{value='669c56d67e21ea6b7bd60eee', description='null'}-ac-tmdvcbz-shard-00-00.dddrndp.mongodb.net:27017] Monitor thread successfully connected to server with description ServerDescription{address=ac-tmdvcbz-shard-00-00.dddrndp.mongodb.net:27017, type=REPLICA_SET_SECONDARY, state=CONNECTED, ok=true, minWireVersion=0, maxWireVersion=21, maxDocumentSize=16777216, logicalSessionTimeoutMinutes=30, roundTripTimeNanos=447574000, setName='atlas-qhvfd0-shard-0', canonicalAddress=ac-tmdvcbz-shard-00-00.dddrndp.mongodb.net:27017, hosts=[ac-tmdvcbz-shard-00-02.dddrndp.mongodb.net:27017, ac-tmdvcbz-shard-00-00.dddrndp.mongodb.net:27017, ac-tmdvcbz-shard-00-01.dddrndp.mongodb.net:27017], passives=[], arbiters=[], primary='ac-tmdvcbz-shard-00-01.dddrndp.mongodb.net:27017', tagSet=TagSet{[Tag{name='availabilityZone', value='southamerica-east1-a'}, Tag{name='diskState', value='READY'}, Tag{name='nodeType', value='ELECTABLE'}, Tag{name='provider', value='GCP'}, Tag{name='region', value='SOUTH_AMERICA_EAST_1'}, Tag{name='workloadType', value='OPERATIONAL'}]}, electionId=null, setVersion=32, topologyVersion=TopologyVersion{processId=668e95cdbb8bd16ca66ef412, counter=4}, lastWriteDate=Sat Jul 20 21:31:43 BRT 2024, lastUpdateTimeNanos=263647565995700}
2024-07-20 21:31:18,879 INFO com.mongodb.internal.diagnostics.logging.SLF4JLogger [cluster-ClusterId{value='669c56d67e21ea6b7bd60eee', description='null'}-ac-tmdvcbz-shard-00-02.dddrndp.mongodb.net:27017] Monitor thread successfully connected to server with description ServerDescription{address=ac-tmdvcbz-shard-00-02.dddrndp.mongodb.net:27017, type=REPLICA_SET_SECONDARY, state=CONNECTED, ok=true, minWireVersion=0, maxWireVersion=21, maxDocumentSize=16777216, logicalSessionTimeoutMinutes=30, roundTripTimeNanos=447564101, setName='atlas-qhvfd0-shard-0', canonicalAddress=ac-tmdvcbz-shard-00-02.dddrndp.mongodb.net:27017, hosts=[ac-tmdvcbz-shard-00-02.dddrndp.mongodb.net:27017, ac-tmdvcbz-shard-00-00.dddrndp.mongodb.net:27017, ac-tmdvcbz-shard-00-01.dddrndp.mongodb.net:27017], passives=[], arbiters=[], primary='ac-tmdvcbz-shard-00-01.dddrndp.mongodb.net:27017', tagSet=TagSet{[Tag{name='availabilityZone', value='southamerica-east1-c'}, Tag{name='diskState', value='READY'}, Tag{name='nodeType', value='ELECTABLE'}, Tag{name='provider', value='GCP'}, Tag{name='region', value='SOUTH_AMERICA_EAST_1'}, Tag{name='workloadType', value='OPERATIONAL'}]}, electionId=null, setVersion=32, topologyVersion=TopologyVersion{processId=668e96757d267586ac9d844d, counter=3}, lastWriteDate=Sat Jul 20 21:31:43 BRT 2024, lastUpdateTimeNanos=263647565995800}
2024-07-20 21:31:18,882 INFO org.apache.juli.logging.DirectJDKLog [main] Starting ProtocolHandler ["http-nio-8080"]
2024-07-20 21:31:18,893 INFO com.mongodb.internal.diagnostics.logging.SLF4JLogger [cluster-ClusterId{value='669c56d67e21ea6b7bd60eee', description='null'}-ac-tmdvcbz-shard-00-01.dddrndp.mongodb.net:27017] Discovered replica set primary ac-tmdvcbz-shard-00-01.dddrndp.mongodb.net:27017 with max election id 7fffffff00000000000000e8 and max set version 32
2024-07-20 21:31:18,914 INFO org.springframework.boot.web.embedded.tomcat.TomcatWebServer [main] Tomcat started on port(s): 8080 (http) with context path '/mazebank'
2024-07-20 21:31:18,932 INFO org.springframework.boot.StartupInfoLogger [main] Started MazebankApplication in 2.725 seconds (JVM running for 3.177)
2024-07-20 21:31:31,102 INFO org.apache.juli.logging.DirectJDKLog [http-nio-8080-exec-1] Initializing Spring DispatcherServlet 'dispatcherServlet'
2024-07-20 21:31:31,102 INFO org.springframework.web.servlet.FrameworkServlet [http-nio-8080-exec-1] Initializing Servlet 'dispatcherServlet'
2024-07-20 21:31:31,104 INFO org.springframework.web.servlet.FrameworkServlet [http-nio-8080-exec-1] Completed initialization in 1 ms
2024-07-20 21:31:31,147 INFO ht.henrique.mazebank.service.impl.ManagementServiceImpl [http-nio-8080-exec-2] Searching user with key: henrique@email.com
2024-07-20 21:31:31,273 INFO ht.henrique.mazebank.service.impl.ManagementServiceImpl [http-nio-8080-exec-2] User founded with uid 669c3a13f4df997161d9a251
2024-07-20 21:31:36,883 INFO ht.henrique.mazebank.service.impl.ManagementServiceImpl [http-nio-8080-exec-4] Searching user with key: henrique@email.com
2024-07-20 21:31:36,890 INFO ht.henrique.mazebank.service.impl.AuthenticationServiceImpl [http-nio-8080-exec-4] Logged with success
2024-07-20 21:31:36,922 INFO ht.henrique.mazebank.service.impl.ManagementServiceImpl [http-nio-8080-exec-5] Searching user with key: henrique@email.com
2024-07-20 21:31:36,927 INFO ht.henrique.mazebank.service.impl.ManagementServiceImpl [http-nio-8080-exec-5] User founded with uid 669c3a13f4df997161d9a251
2024-07-20 21:31:38,392 INFO ht.henrique.mazebank.service.impl.ManagementServiceImpl [http-nio-8080-exec-6] Searching user with key: 669c3a13f4df997161d9a251
2024-07-20 21:31:38,400 ERROR ht.henrique.mazebank.service.impl.ManagementServiceImpl [http-nio-8080-exec-6] User not found
2024-07-20 21:31:38,402 ERROR ht.henrique.mazebank.exception.HandleException [http-nio-8080-exec-6] ErrorTemplate(errorCode=404000, errorMessage=User not found, timeStamp=2024-07-20 21:31:38.401)
2024-07-20 21:31:41,601 INFO ht.henrique.mazebank.service.impl.ManagementServiceImpl [http-nio-8080-exec-7] Searching user with key: 669c3a13f4df997161d9a251
2024-07-20 21:31:41,607 ERROR ht.henrique.mazebank.service.impl.ManagementServiceImpl [http-nio-8080-exec-7] User not found
2024-07-20 21:31:41,608 ERROR ht.henrique.mazebank.exception.HandleException [http-nio-8080-exec-7] ErrorTemplate(errorCode=404000, errorMessage=User not found, timeStamp=2024-07-20 21:31:41.608)
2024-07-20 21:36:55,388 INFO org.springframework.boot.StartupInfoLogger [main] Starting MazebankApplication using Java 17.0.11 on HENRIQUE-PC with PID 8792 (E:\Henrique Teixeira\Projetos\Java\mazebank\target\classes started by hthen in E:\Henrique Teixeira\Projetos\Java\mazebank)
2024-07-20 21:36:55,399 INFO org.springframework.boot.SpringApplication [main] No active profile set, falling back to 1 default profile: "default"
2024-07-20 21:36:56,646 INFO org.springframework.boot.web.embedded.tomcat.TomcatWebServer [main] Tomcat initialized with port(s): 8080 (http)
2024-07-20 21:36:56,657 INFO org.apache.juli.logging.DirectJDKLog [main] Initializing ProtocolHandler ["http-nio-8080"]
2024-07-20 21:36:56,657 INFO org.apache.juli.logging.DirectJDKLog [main] Starting service [Tomcat]
2024-07-20 21:36:56,658 INFO org.apache.juli.logging.DirectJDKLog [main] Starting Servlet engine: [Apache Tomcat/9.0.63]
2024-07-20 21:36:56,764 INFO org.apache.juli.logging.DirectJDKLog [main] Initializing Spring embedded WebApplicationContext
2024-07-20 21:36:56,765 INFO org.springframework.boot.web.servlet.context.ServletWebServerApplicationContext [main] Root WebApplicationContext: initialization completed in 1290 ms
2024-07-20 21:36:56,969 INFO com.mongodb.internal.diagnostics.logging.SLF4JLogger [cluster-ClusterId{value='669c5828dffcb528b27e6357', description='null'}-srv-mazebankcluster.dddrndp.mongodb.net] Adding discovered server ac-tmdvcbz-shard-00-02.dddrndp.mongodb.net:27017 to client view of cluster
2024-07-20 21:36:56,974 INFO com.mongodb.internal.diagnostics.logging.SLF4JLogger [main] MongoClient with metadata {"driver": {"name": "mongo-java-driver|sync", "version": "4.10.2"}, "os": {"type": "Windows", "name": "Windows 11", "architecture": "amd64", "version": "10.0"}, "platform": "Java/Oracle Corporation/17.0.11+7-LTS-207"} created with settings MongoClientSettings{readPreference=primary, writeConcern=WriteConcern{w=majority, wTimeout=null ms, journal=null}, retryWrites=true, retryReads=true, readConcern=ReadConcern{level=null}, credential=MongoCredential{mechanism=null, userName='mazebank', source='admin', password=<hidden>, mechanismProperties=<hidden>}, streamFactoryFactory=null, commandListeners=[], codecRegistry=ProvidersCodecRegistry{codecProviders=[ValueCodecProvider{}, BsonValueCodecProvider{}, DBRefCodecProvider{}, DBObjectCodecProvider{}, DocumentCodecProvider{}, CollectionCodecProvider{}, IterableCodecProvider{}, MapCodecProvider{}, GeoJsonCodecProvider{}, GridFSFileCodecProvider{}, Jsr310CodecProvider{}, JsonObjectCodecProvider{}, BsonCodecProvider{}, EnumCodecProvider{}, com.mongodb.client.model.mql.ExpressionCodecProvider@6242ae3b, com.mongodb.Jep395RecordCodecProvider@65ddee5a, com.mongodb.KotlinCodecProvider@56399b9e]}, loggerSettings=LoggerSettings{maxDocumentLength=1000}, clusterSettings={hosts=[127.0.0.1:27017], srvHost=mazebankcluster.dddrndp.mongodb.net, srvServiceName=mongodb, mode=MULTIPLE, requiredClusterType=REPLICA_SET, requiredReplicaSetName='atlas-qhvfd0-shard-0', serverSelector='null', clusterListeners='[]', serverSelectionTimeout='30000 ms', localThreshold='30000 ms'}, socketSettings=SocketSettings{connectTimeoutMS=10000, readTimeoutMS=0, receiveBufferSize=0, sendBufferSize=0}, heartbeatSocketSettings=SocketSettings{connectTimeoutMS=10000, readTimeoutMS=10000, receiveBufferSize=0, sendBufferSize=0}, connectionPoolSettings=ConnectionPoolSettings{maxSize=100, minSize=0, maxWaitTimeMS=120000, maxConnectionLifeTimeMS=0, maxConnectionIdleTimeMS=0, maintenanceInitialDelayMS=0, maintenanceFrequencyMS=60000, connectionPoolListeners=[], maxConnecting=2}, serverSettings=ServerSettings{heartbeatFrequencyMS=10000, minHeartbeatFrequencyMS=500, serverListeners='[]', serverMonitorListeners='[]'}, sslSettings=SslSettings{enabled=true, invalidHostNameAllowed=false, context=null}, applicationName='null', compressorList=[], uuidRepresentation=UNSPECIFIED, serverApi=ServerApi{version=V1, deprecationErrors=null, strict=null}, autoEncryptionSettings=null, dnsClient=null, inetAddressResolver=null, contextProvider=null}
2024-07-20 21:36:56,996 INFO com.mongodb.internal.diagnostics.logging.SLF4JLogger [cluster-ClusterId{value='669c5828dffcb528b27e6357', description='null'}-srv-mazebankcluster.dddrndp.mongodb.net] Adding discovered server ac-tmdvcbz-shard-00-00.dddrndp.mongodb.net:27017 to client view of cluster
2024-07-20 21:36:56,997 INFO com.mongodb.internal.diagnostics.logging.SLF4JLogger [cluster-ClusterId{value='669c5828dffcb528b27e6357', description='null'}-srv-mazebankcluster.dddrndp.mongodb.net] Adding discovered server ac-tmdvcbz-shard-00-01.dddrndp.mongodb.net:27017 to client view of cluster
2024-07-20 21:36:57,801 INFO com.mongodb.internal.diagnostics.logging.SLF4JLogger [cluster-ClusterId{value='669c5828dffcb528b27e6357', description='null'}-ac-tmdvcbz-shard-00-00.dddrndp.mongodb.net:27017] Monitor thread successfully connected to server with description ServerDescription{address=ac-tmdvcbz-shard-00-00.dddrndp.mongodb.net:27017, type=REPLICA_SET_SECONDARY, state=CONNECTED, ok=true, minWireVersion=0, maxWireVersion=21, maxDocumentSize=16777216, logicalSessionTimeoutMinutes=30, roundTripTimeNanos=467705501, setName='atlas-qhvfd0-shard-0', canonicalAddress=ac-tmdvcbz-shard-00-00.dddrndp.mongodb.net:27017, hosts=[ac-tmdvcbz-shard-00-02.dddrndp.mongodb.net:27017, ac-tmdvcbz-shard-00-00.dddrndp.mongodb.net:27017, ac-tmdvcbz-shard-00-01.dddrndp.mongodb.net:27017], passives=[], arbiters=[], primary='ac-tmdvcbz-shard-00-01.dddrndp.mongodb.net:27017', tagSet=TagSet{[Tag{name='availabilityZone', value='southamerica-east1-a'}, Tag{name='diskState', value='READY'}, Tag{name='nodeType', value='ELECTABLE'}, Tag{name='provider', value='GCP'}, Tag{name='region', value='SOUTH_AMERICA_EAST_1'}, Tag{name='workloadType', value='OPERATIONAL'}]}, electionId=null, setVersion=32, topologyVersion=TopologyVersion{processId=668e95cdbb8bd16ca66ef412, counter=4}, lastWriteDate=Sat Jul 20 21:37:21 BRT 2024, lastUpdateTimeNanos=263986487619800}
2024-07-20 21:36:57,801 INFO com.mongodb.internal.diagnostics.logging.SLF4JLogger [cluster-ClusterId{value='669c5828dffcb528b27e6357', description='null'}-ac-tmdvcbz-shard-00-02.dddrndp.mongodb.net:27017] Monitor thread successfully connected to server with description ServerDescription{address=ac-tmdvcbz-shard-00-02.dddrndp.mongodb.net:27017, type=REPLICA_SET_SECONDARY, state=CONNECTED, ok=true, minWireVersion=0, maxWireVersion=21, maxDocumentSize=16777216, logicalSessionTimeoutMinutes=30, roundTripTimeNanos=467670400, setName='atlas-qhvfd0-shard-0', canonicalAddress=ac-tmdvcbz-shard-00-02.dddrndp.mongodb.net:27017, hosts=[ac-tmdvcbz-shard-00-02.dddrndp.mongodb.net:27017, ac-tmdvcbz-shard-00-00.dddrndp.mongodb.net:27017, ac-tmdvcbz-shard-00-01.dddrndp.mongodb.net:27017], passives=[], arbiters=[], primary='ac-tmdvcbz-shard-00-01.dddrndp.mongodb.net:27017', tagSet=TagSet{[Tag{name='availabilityZone', value='southamerica-east1-c'}, Tag{name='diskState', value='READY'}, Tag{name='nodeType', value='ELECTABLE'}, Tag{name='provider', value='GCP'}, Tag{name='region', value='SOUTH_AMERICA_EAST_1'}, Tag{name='workloadType', value='OPERATIONAL'}]}, electionId=null, setVersion=32, topologyVersion=TopologyVersion{processId=668e96757d267586ac9d844d, counter=3}, lastWriteDate=Sat Jul 20 21:37:21 BRT 2024, lastUpdateTimeNanos=263986487619800}
2024-07-20 21:36:57,801 INFO com.mongodb.internal.diagnostics.logging.SLF4JLogger [cluster-ClusterId{value='669c5828dffcb528b27e6357', description='null'}-ac-tmdvcbz-shard-00-01.dddrndp.mongodb.net:27017] Monitor thread successfully connected to server with description ServerDescription{address=ac-tmdvcbz-shard-00-01.dddrndp.mongodb.net:27017, type=REPLICA_SET_PRIMARY, state=CONNECTED, ok=true, minWireVersion=0, maxWireVersion=21, maxDocumentSize=16777216, logicalSessionTimeoutMinutes=30, roundTripTimeNanos=467713300, setName='atlas-qhvfd0-shard-0', canonicalAddress=ac-tmdvcbz-shard-00-01.dddrndp.mongodb.net:27017, hosts=[ac-tmdvcbz-shard-00-02.dddrndp.mongodb.net:27017, ac-tmdvcbz-shard-00-00.dddrndp.mongodb.net:27017, ac-tmdvcbz-shard-00-01.dddrndp.mongodb.net:27017], passives=[], arbiters=[], primary='ac-tmdvcbz-shard-00-01.dddrndp.mongodb.net:27017', tagSet=TagSet{[Tag{name='availabilityZone', value='southamerica-east1-b'}, Tag{name='diskState', value='READY'}, Tag{name='nodeType', value='ELECTABLE'}, Tag{name='provider', value='GCP'}, Tag{name='region', value='SOUTH_AMERICA_EAST_1'}, Tag{name='workloadType', value='OPERATIONAL'}]}, electionId=7fffffff00000000000000e8, setVersion=32, topologyVersion=TopologyVersion{processId=668e962053e33eb2d9022a32, counter=6}, lastWriteDate=Sat Jul 20 21:37:21 BRT 2024, lastUpdateTimeNanos=263986487619800}
2024-07-20 21:36:57,819 INFO com.mongodb.internal.diagnostics.logging.SLF4JLogger [cluster-ClusterId{value='669c5828dffcb528b27e6357', description='null'}-ac-tmdvcbz-shard-00-01.dddrndp.mongodb.net:27017] Discovered replica set primary ac-tmdvcbz-shard-00-01.dddrndp.mongodb.net:27017 with max election id 7fffffff00000000000000e8 and max set version 32
2024-07-20 21:36:57,832 INFO org.apache.juli.logging.DirectJDKLog [main] Starting ProtocolHandler ["http-nio-8080"]
2024-07-20 21:36:57,906 INFO org.springframework.boot.web.embedded.tomcat.TomcatWebServer [main] Tomcat started on port(s): 8080 (http) with context path '/mazebank'
2024-07-20 21:36:57,932 INFO org.springframework.boot.StartupInfoLogger [main] Started MazebankApplication in 2.982 seconds (JVM running for 3.506)
2024-07-20 21:37:22,790 INFO org.apache.juli.logging.DirectJDKLog [http-nio-8080-exec-1] Initializing Spring DispatcherServlet 'dispatcherServlet'
2024-07-20 21:37:22,790 INFO org.springframework.web.servlet.FrameworkServlet [http-nio-8080-exec-1] Initializing Servlet 'dispatcherServlet'
2024-07-20 21:37:22,790 INFO org.springframework.web.servlet.FrameworkServlet [http-nio-8080-exec-1] Completed initialization in 0 ms
2024-07-20 21:37:22,824 INFO ht.henrique.mazebank.service.impl.ManagementServiceImpl [http-nio-8080-exec-1] Searching user with key: henrique@email.com
2024-07-20 21:37:25,488 INFO ht.henrique.mazebank.service.impl.ManagementServiceImpl [http-nio-8080-exec-1] User founded with uid 669c3a13f4df997161d9a251
2024-07-20 21:37:34,700 INFO ht.henrique.mazebank.service.impl.ManagementServiceImpl [http-nio-8080-exec-2] Searching user with key: henrique@email.com
2024-07-20 21:37:37,163 INFO ht.henrique.mazebank.service.impl.AuthenticationServiceImpl [http-nio-8080-exec-2] Logged with success
2024-07-20 21:37:37,194 INFO ht.henrique.mazebank.service.impl.ManagementServiceImpl [http-nio-8080-exec-3] Searching user with key: henrique@email.com
2024-07-20 21:37:40,571 INFO ht.henrique.mazebank.service.impl.ManagementServiceImpl [http-nio-8080-exec-3] User founded with uid 669c3a13f4df997161d9a251
2024-07-20 21:37:49,891 INFO ht.henrique.mazebank.service.impl.ManagementServiceImpl [http-nio-8080-exec-5] Searching user with key: 669c3a13f4df997161d9a251
2024-07-20 21:37:58,934 INFO ht.henrique.mazebank.service.impl.ManagementServiceImpl [http-nio-8080-exec-6] Searching user with key: henrique@email.com
2024-07-20 21:37:58,939 INFO ht.henrique.mazebank.service.impl.ManagementServiceImpl [http-nio-8080-exec-6] User founded with uid 669c3a13f4df997161d9a251
2024-07-20 21:38:03,155 INFO ht.henrique.mazebank.service.impl.ManagementServiceImpl [http-nio-8080-exec-7] Searching user with key: henrique@email.com
2024-07-20 21:38:03,161 INFO ht.henrique.mazebank.service.impl.AuthenticationServiceImpl [http-nio-8080-exec-7] Logged with success
2024-07-20 21:38:03,192 INFO ht.henrique.mazebank.service.impl.ManagementServiceImpl [http-nio-8080-exec-8] Searching user with key: henrique@email.com
2024-07-20 21:38:03,198 INFO ht.henrique.mazebank.service.impl.ManagementServiceImpl [http-nio-8080-exec-8] User founded with uid 669c3a13f4df997161d9a251
2024-07-20 21:39:01,623 INFO ht.henrique.mazebank.service.impl.ManagementServiceImpl [http-nio-8080-exec-9] Searching user with key: henrique@email.com
2024-07-20 21:39:01,629 INFO ht.henrique.mazebank.service.impl.ManagementServiceImpl [http-nio-8080-exec-9] User founded with uid 669c3a13f4df997161d9a251
2024-07-20 21:39:03,532 INFO ht.henrique.mazebank.service.impl.ManagementServiceImpl [http-nio-8080-exec-10] Searching user with key: 669c3a13f4df997161d9a251
2024-07-20 21:39:28,343 INFO org.springframework.boot.StartupInfoLogger [main] Starting MazebankApplication using Java 17.0.11 on HENRIQUE-PC with PID 25136 (E:\Henrique Teixeira\Projetos\Java\mazebank\target\classes started by hthen in E:\Henrique Teixeira\Projetos\Java\mazebank)
2024-07-20 21:39:28,348 INFO org.springframework.boot.SpringApplication [main] No active profile set, falling back to 1 default profile: "default"
2024-07-20 21:39:29,547 INFO org.springframework.boot.web.embedded.tomcat.TomcatWebServer [main] Tomcat initialized with port(s): 8080 (http)
2024-07-20 21:39:29,556 INFO org.apache.juli.logging.DirectJDKLog [main] Initializing ProtocolHandler ["http-nio-8080"]
2024-07-20 21:39:29,557 INFO org.apache.juli.logging.DirectJDKLog [main] Starting service [Tomcat]
2024-07-20 21:39:29,557 INFO org.apache.juli.logging.DirectJDKLog [main] Starting Servlet engine: [Apache Tomcat/9.0.63]
2024-07-20 21:39:29,671 INFO org.apache.juli.logging.DirectJDKLog [main] Initializing Spring embedded WebApplicationContext
2024-07-20 21:39:29,671 INFO org.springframework.boot.web.servlet.context.ServletWebServerApplicationContext [main] Root WebApplicationContext: initialization completed in 1240 ms
2024-07-20 21:39:29,855 INFO com.mongodb.internal.diagnostics.logging.SLF4JLogger [cluster-ClusterId{value='669c58c15b2508774d013954', description='null'}-srv-mazebankcluster.dddrndp.mongodb.net] Adding discovered server ac-tmdvcbz-shard-00-02.dddrndp.mongodb.net:27017 to client view of cluster
2024-07-20 21:39:29,868 INFO com.mongodb.internal.diagnostics.logging.SLF4JLogger [main] MongoClient with metadata {"driver": {"name": "mongo-java-driver|sync", "version": "4.10.2"}, "os": {"type": "Windows", "name": "Windows 11", "architecture": "amd64", "version": "10.0"}, "platform": "Java/Oracle Corporation/17.0.11+7-LTS-207"} created with settings MongoClientSettings{readPreference=primary, writeConcern=WriteConcern{w=majority, wTimeout=null ms, journal=null}, retryWrites=true, retryReads=true, readConcern=ReadConcern{level=null}, credential=MongoCredential{mechanism=null, userName='mazebank', source='admin', password=<hidden>, mechanismProperties=<hidden>}, streamFactoryFactory=null, commandListeners=[], codecRegistry=ProvidersCodecRegistry{codecProviders=[ValueCodecProvider{}, BsonValueCodecProvider{}, DBRefCodecProvider{}, DBObjectCodecProvider{}, DocumentCodecProvider{}, CollectionCodecProvider{}, IterableCodecProvider{}, MapCodecProvider{}, GeoJsonCodecProvider{}, GridFSFileCodecProvider{}, Jsr310CodecProvider{}, JsonObjectCodecProvider{}, BsonCodecProvider{}, EnumCodecProvider{}, com.mongodb.client.model.mql.ExpressionCodecProvider@6242ae3b, com.mongodb.Jep395RecordCodecProvider@65ddee5a, com.mongodb.KotlinCodecProvider@56399b9e]}, loggerSettings=LoggerSettings{maxDocumentLength=1000}, clusterSettings={hosts=[127.0.0.1:27017], srvHost=mazebankcluster.dddrndp.mongodb.net, srvServiceName=mongodb, mode=MULTIPLE, requiredClusterType=REPLICA_SET, requiredReplicaSetName='atlas-qhvfd0-shard-0', serverSelector='null', clusterListeners='[]', serverSelectionTimeout='30000 ms', localThreshold='30000 ms'}, socketSettings=SocketSettings{connectTimeoutMS=10000, readTimeoutMS=0, receiveBufferSize=0, sendBufferSize=0}, heartbeatSocketSettings=SocketSettings{connectTimeoutMS=10000, readTimeoutMS=10000, receiveBufferSize=0, sendBufferSize=0}, connectionPoolSettings=ConnectionPoolSettings{maxSize=100, minSize=0, maxWaitTimeMS=120000, maxConnectionLifeTimeMS=0, maxConnectionIdleTimeMS=0, maintenanceInitialDelayMS=0, maintenanceFrequencyMS=60000, connectionPoolListeners=[], maxConnecting=2}, serverSettings=ServerSettings{heartbeatFrequencyMS=10000, minHeartbeatFrequencyMS=500, serverListeners='[]', serverMonitorListeners='[]'}, sslSettings=SslSettings{enabled=true, invalidHostNameAllowed=false, context=null}, applicationName='null', compressorList=[], uuidRepresentation=UNSPECIFIED, serverApi=ServerApi{version=V1, deprecationErrors=null, strict=null}, autoEncryptionSettings=null, dnsClient=null, inetAddressResolver=null, contextProvider=null}
2024-07-20 21:39:29,878 INFO com.mongodb.internal.diagnostics.logging.SLF4JLogger [cluster-ClusterId{value='669c58c15b2508774d013954', description='null'}-srv-mazebankcluster.dddrndp.mongodb.net] Adding discovered server ac-tmdvcbz-shard-00-00.dddrndp.mongodb.net:27017 to client view of cluster
2024-07-20 21:39:29,879 INFO com.mongodb.internal.diagnostics.logging.SLF4JLogger [cluster-ClusterId{value='669c58c15b2508774d013954', description='null'}-srv-mazebankcluster.dddrndp.mongodb.net] Adding discovered server ac-tmdvcbz-shard-00-01.dddrndp.mongodb.net:27017 to client view of cluster
2024-07-20 21:39:30,544 INFO com.mongodb.internal.diagnostics.logging.SLF4JLogger [cluster-ClusterId{value='669c58c15b2508774d013954', description='null'}-ac-tmdvcbz-shard-00-00.dddrndp.mongodb.net:27017] Monitor thread successfully connected to server with description ServerDescription{address=ac-tmdvcbz-shard-00-00.dddrndp.mongodb.net:27017, type=REPLICA_SET_SECONDARY, state=CONNECTED, ok=true, minWireVersion=0, maxWireVersion=21, maxDocumentSize=16777216, logicalSessionTimeoutMinutes=30, roundTripTimeNanos=399164300, setName='atlas-qhvfd0-shard-0', canonicalAddress=ac-tmdvcbz-shard-00-00.dddrndp.mongodb.net:27017, hosts=[ac-tmdvcbz-shard-00-02.dddrndp.mongodb.net:27017, ac-tmdvcbz-shard-00-00.dddrndp.mongodb.net:27017, ac-tmdvcbz-shard-00-01.dddrndp.mongodb.net:27017], passives=[], arbiters=[], primary='ac-tmdvcbz-shard-00-01.dddrndp.mongodb.net:27017', tagSet=TagSet{[Tag{name='availabilityZone', value='southamerica-east1-a'}, Tag{name='diskState', value='READY'}, Tag{name='nodeType', value='ELECTABLE'}, Tag{name='provider', value='GCP'}, Tag{name='region', value='SOUTH_AMERICA_EAST_1'}, Tag{name='workloadType', value='OPERATIONAL'}]}, electionId=null, setVersion=32, topologyVersion=TopologyVersion{processId=668e95cdbb8bd16ca66ef412, counter=4}, lastWriteDate=Sat Jul 20 21:39:54 BRT 2024, lastUpdateTimeNanos=264139230533200}
2024-07-20 21:39:30,544 INFO com.mongodb.internal.diagnostics.logging.SLF4JLogger [cluster-ClusterId{value='669c58c15b2508774d013954', description='null'}-ac-tmdvcbz-shard-00-01.dddrndp.mongodb.net:27017] Monitor thread successfully connected to server with description ServerDescription{address=ac-tmdvcbz-shard-00-01.dddrndp.mongodb.net:27017, type=REPLICA_SET_PRIMARY, state=CONNECTED, ok=true, minWireVersion=0, maxWireVersion=21, maxDocumentSize=16777216, logicalSessionTimeoutMinutes=30, roundTripTimeNanos=399165900, setName='atlas-qhvfd0-shard-0', canonicalAddress=ac-tmdvcbz-shard-00-01.dddrndp.mongodb.net:27017, hosts=[ac-tmdvcbz-shard-00-02.dddrndp.mongodb.net:27017, ac-tmdvcbz-shard-00-00.dddrndp.mongodb.net:27017, ac-tmdvcbz-shard-00-01.dddrndp.mongodb.net:27017], passives=[], arbiters=[], primary='ac-tmdvcbz-shard-00-01.dddrndp.mongodb.net:27017', tagSet=TagSet{[Tag{name='availabilityZone', value='southamerica-east1-b'}, Tag{name='diskState', value='READY'}, Tag{name='nodeType', value='ELECTABLE'}, Tag{name='provider', value='GCP'}, Tag{name='region', value='SOUTH_AMERICA_EAST_1'}, Tag{name='workloadType', value='OPERATIONAL'}]}, electionId=7fffffff00000000000000e8, setVersion=32, topologyVersion=TopologyVersion{processId=668e962053e33eb2d9022a32, counter=6}, lastWriteDate=Sat Jul 20 21:39:54 BRT 2024, lastUpdateTimeNanos=264139230532900}
2024-07-20 21:39:30,544 INFO com.mongodb.internal.diagnostics.logging.SLF4JLogger [cluster-ClusterId{value='669c58c15b2508774d013954', description='null'}-ac-tmdvcbz-shard-00-02.dddrndp.mongodb.net:27017] Monitor thread successfully connected to server with description ServerDescription{address=ac-tmdvcbz-shard-00-02.dddrndp.mongodb.net:27017, type=REPLICA_SET_SECONDARY, state=CONNECTED, ok=true, minWireVersion=0, maxWireVersion=21, maxDocumentSize=16777216, logicalSessionTimeoutMinutes=30, roundTripTimeNanos=399180501, setName='atlas-qhvfd0-shard-0', canonicalAddress=ac-tmdvcbz-shard-00-02.dddrndp.mongodb.net:27017, hosts=[ac-tmdvcbz-shard-00-02.dddrndp.mongodb.net:27017, ac-tmdvcbz-shard-00-00.dddrndp.mongodb.net:27017, ac-tmdvcbz-shard-00-01.dddrndp.mongodb.net:27017], passives=[], arbiters=[], primary='ac-tmdvcbz-shard-00-01.dddrndp.mongodb.net:27017', tagSet=TagSet{[Tag{name='availabilityZone', value='southamerica-east1-c'}, Tag{name='diskState', value='READY'}, Tag{name='nodeType', value='ELECTABLE'}, Tag{name='provider', value='GCP'}, Tag{name='region', value='SOUTH_AMERICA_EAST_1'}, Tag{name='workloadType', value='OPERATIONAL'}]}, electionId=null, setVersion=32, topologyVersion=TopologyVersion{processId=668e96757d267586ac9d844d, counter=3}, lastWriteDate=Sat Jul 20 21:39:54 BRT 2024, lastUpdateTimeNanos=264139230533100}
2024-07-20 21:39:30,559 INFO com.mongodb.internal.diagnostics.logging.SLF4JLogger [cluster-ClusterId{value='669c58c15b2508774d013954', description='null'}-ac-tmdvcbz-shard-00-01.dddrndp.mongodb.net:27017] Discovered replica set primary ac-tmdvcbz-shard-00-01.dddrndp.mongodb.net:27017 with max election id 7fffffff00000000000000e8 and max set version 32
2024-07-20 21:39:30,617 INFO org.apache.juli.logging.DirectJDKLog [main] Starting ProtocolHandler ["http-nio-8080"]
2024-07-20 21:39:30,680 INFO org.springframework.boot.web.embedded.tomcat.TomcatWebServer [main] Tomcat started on port(s): 8080 (http) with context path '/mazebank'
2024-07-20 21:39:30,704 INFO org.springframework.boot.StartupInfoLogger [main] Started MazebankApplication in 2.78 seconds (JVM running for 3.295)
2024-07-20 21:41:35,137 INFO org.springframework.boot.StartupInfoLogger [main] Starting MazebankApplication using Java 17.0.11 on HENRIQUE-PC with PID 37404 (E:\Henrique Teixeira\Projetos\Java\mazebank\target\classes started by hthen in E:\Henrique Teixeira\Projetos\Java\mazebank)
2024-07-20 21:41:35,148 INFO org.springframework.boot.SpringApplication [main] No active profile set, falling back to 1 default profile: "default"
2024-07-20 21:41:36,365 INFO org.springframework.boot.web.embedded.tomcat.TomcatWebServer [main] Tomcat initialized with port(s): 8080 (http)
2024-07-20 21:41:36,385 INFO org.apache.juli.logging.DirectJDKLog [main] Initializing ProtocolHandler ["http-nio-8080"]
2024-07-20 21:41:36,387 INFO org.apache.juli.logging.DirectJDKLog [main] Starting service [Tomcat]
2024-07-20 21:41:36,387 INFO org.apache.juli.logging.DirectJDKLog [main] Starting Servlet engine: [Apache Tomcat/9.0.63]
2024-07-20 21:41:36,472 INFO org.apache.juli.logging.DirectJDKLog [main] Initializing Spring embedded WebApplicationContext
2024-07-20 21:41:36,472 INFO org.springframework.boot.web.servlet.context.ServletWebServerApplicationContext [main] Root WebApplicationContext: initialization completed in 1241 ms
2024-07-20 21:41:36,681 INFO com.mongodb.internal.diagnostics.logging.SLF4JLogger [cluster-ClusterId{value='669c5940d250c37bf20748cd', description='null'}-srv-mazebankcluster.dddrndp.mongodb.net] Adding discovered server ac-tmdvcbz-shard-00-02.dddrndp.mongodb.net:27017 to client view of cluster
2024-07-20 21:41:36,693 INFO com.mongodb.internal.diagnostics.logging.SLF4JLogger [main] MongoClient with metadata {"driver": {"name": "mongo-java-driver|sync", "version": "4.10.2"}, "os": {"type": "Windows", "name": "Windows 11", "architecture": "amd64", "version": "10.0"}, "platform": "Java/Oracle Corporation/17.0.11+7-LTS-207"} created with settings MongoClientSettings{readPreference=primary, writeConcern=WriteConcern{w=majority, wTimeout=null ms, journal=null}, retryWrites=true, retryReads=true, readConcern=ReadConcern{level=null}, credential=MongoCredential{mechanism=null, userName='mazebank', source='admin', password=<hidden>, mechanismProperties=<hidden>}, streamFactoryFactory=null, commandListeners=[], codecRegistry=ProvidersCodecRegistry{codecProviders=[ValueCodecProvider{}, BsonValueCodecProvider{}, DBRefCodecProvider{}, DBObjectCodecProvider{}, DocumentCodecProvider{}, CollectionCodecProvider{}, IterableCodecProvider{}, MapCodecProvider{}, GeoJsonCodecProvider{}, GridFSFileCodecProvider{}, Jsr310CodecProvider{}, JsonObjectCodecProvider{}, BsonCodecProvider{}, EnumCodecProvider{}, com.mongodb.client.model.mql.ExpressionCodecProvider@6296474f, com.mongodb.Jep395RecordCodecProvider@4288d98e, com.mongodb.KotlinCodecProvider@169268a7]}, loggerSettings=LoggerSettings{maxDocumentLength=1000}, clusterSettings={hosts=[127.0.0.1:27017], srvHost=mazebankcluster.dddrndp.mongodb.net, srvServiceName=mongodb, mode=MULTIPLE, requiredClusterType=REPLICA_SET, requiredReplicaSetName='atlas-qhvfd0-shard-0', serverSelector='null', clusterListeners='[]', serverSelectionTimeout='30000 ms', localThreshold='30000 ms'}, socketSettings=SocketSettings{connectTimeoutMS=10000, readTimeoutMS=0, receiveBufferSize=0, sendBufferSize=0}, heartbeatSocketSettings=SocketSettings{connectTimeoutMS=10000, readTimeoutMS=10000, receiveBufferSize=0, sendBufferSize=0}, connectionPoolSettings=ConnectionPoolSettings{maxSize=100, minSize=0, maxWaitTimeMS=120000, maxConnectionLifeTimeMS=0, maxConnectionIdleTimeMS=0, maintenanceInitialDelayMS=0, maintenanceFrequencyMS=60000, connectionPoolListeners=[], maxConnecting=2}, serverSettings=ServerSettings{heartbeatFrequencyMS=10000, minHeartbeatFrequencyMS=500, serverListeners='[]', serverMonitorListeners='[]'}, sslSettings=SslSettings{enabled=true, invalidHostNameAllowed=false, context=null}, applicationName='null', compressorList=[], uuidRepresentation=UNSPECIFIED, serverApi=ServerApi{version=V1, deprecationErrors=null, strict=null}, autoEncryptionSettings=null, dnsClient=null, inetAddressResolver=null, contextProvider=null}
2024-07-20 21:41:36,710 INFO com.mongodb.internal.diagnostics.logging.SLF4JLogger [cluster-ClusterId{value='669c5940d250c37bf20748cd', description='null'}-srv-mazebankcluster.dddrndp.mongodb.net] Adding discovered server ac-tmdvcbz-shard-00-00.dddrndp.mongodb.net:27017 to client view of cluster
2024-07-20 21:41:36,711 INFO com.mongodb.internal.diagnostics.logging.SLF4JLogger [cluster-ClusterId{value='669c5940d250c37bf20748cd', description='null'}-srv-mazebankcluster.dddrndp.mongodb.net] Adding discovered server ac-tmdvcbz-shard-00-01.dddrndp.mongodb.net:27017 to client view of cluster
2024-07-20 21:41:37,390 INFO com.mongodb.internal.diagnostics.logging.SLF4JLogger [cluster-ClusterId{value='669c5940d250c37bf20748cd', description='null'}-ac-tmdvcbz-shard-00-00.dddrndp.mongodb.net:27017] Monitor thread successfully connected to server with description ServerDescription{address=ac-tmdvcbz-shard-00-00.dddrndp.mongodb.net:27017, type=REPLICA_SET_SECONDARY, state=CONNECTED, ok=true, minWireVersion=0, maxWireVersion=21, maxDocumentSize=16777216, logicalSessionTimeoutMinutes=30, roundTripTimeNanos=416467501, setName='atlas-qhvfd0-shard-0', canonicalAddress=ac-tmdvcbz-shard-00-00.dddrndp.mongodb.net:27017, hosts=[ac-tmdvcbz-shard-00-02.dddrndp.mongodb.net:27017, ac-tmdvcbz-shard-00-00.dddrndp.mongodb.net:27017, ac-tmdvcbz-shard-00-01.dddrndp.mongodb.net:27017], passives=[], arbiters=[], primary='ac-tmdvcbz-shard-00-01.dddrndp.mongodb.net:27017', tagSet=TagSet{[Tag{name='availabilityZone', value='southamerica-east1-a'}, Tag{name='diskState', value='READY'}, Tag{name='nodeType', value='ELECTABLE'}, Tag{name='provider', value='GCP'}, Tag{name='region', value='SOUTH_AMERICA_EAST_1'}, Tag{name='workloadType', value='OPERATIONAL'}]}, electionId=null, setVersion=32, topologyVersion=TopologyVersion{processId=668e95cdbb8bd16ca66ef412, counter=4}, lastWriteDate=Sat Jul 20 21:42:01 BRT 2024, lastUpdateTimeNanos=264266077112499}
2024-07-20 21:41:37,390 INFO com.mongodb.internal.diagnostics.logging.SLF4JLogger [cluster-ClusterId{value='669c5940d250c37bf20748cd', description='null'}-ac-tmdvcbz-shard-00-01.dddrndp.mongodb.net:27017] Monitor thread successfully connected to server with description ServerDescription{address=ac-tmdvcbz-shard-00-01.dddrndp.mongodb.net:27017, type=REPLICA_SET_PRIMARY, state=CONNECTED, ok=true, minWireVersion=0, maxWireVersion=21, maxDocumentSize=16777216, logicalSessionTimeoutMinutes=30, roundTripTimeNanos=416467101, setName='atlas-qhvfd0-shard-0', canonicalAddress=ac-tmdvcbz-shard-00-01.dddrndp.mongodb.net:27017, hosts=[ac-tmdvcbz-shard-00-02.dddrndp.mongodb.net:27017, ac-tmdvcbz-shard-00-00.dddrndp.mongodb.net:27017, ac-tmdvcbz-shard-00-01.dddrndp.mongodb.net:27017], passives=[], arbiters=[], primary='ac-tmdvcbz-shard-00-01.dddrndp.mongodb.net:27017', tagSet=TagSet{[Tag{name='availabilityZone', value='southamerica-east1-b'}, Tag{name='diskState', value='READY'}, Tag{name='nodeType', value='ELECTABLE'}, Tag{name='provider', value='GCP'}, Tag{name='region', value='SOUTH_AMERICA_EAST_1'}, Tag{name='workloadType', value='OPERATIONAL'}]}, electionId=7fffffff00000000000000e8, setVersion=32, topologyVersion=TopologyVersion{processId=668e962053e33eb2d9022a32, counter=6}, lastWriteDate=Sat Jul 20 21:42:01 BRT 2024, lastUpdateTimeNanos=264266077112499}
2024-07-20 21:41:37,390 INFO com.mongodb.internal.diagnostics.logging.SLF4JLogger [cluster-ClusterId{value='669c5940d250c37bf20748cd', description='null'}-ac-tmdvcbz-shard-00-02.dddrndp.mongodb.net:27017] Monitor thread successfully connected to server with description ServerDescription{address=ac-tmdvcbz-shard-00-02.dddrndp.mongodb.net:27017, type=REPLICA_SET_SECONDARY, state=CONNECTED, ok=true, minWireVersion=0, maxWireVersion=21, maxDocumentSize=16777216, logicalSessionTimeoutMinutes=30, roundTripTimeNanos=416438600, setName='atlas-qhvfd0-shard-0', canonicalAddress=ac-tmdvcbz-shard-00-02.dddrndp.mongodb.net:27017, hosts=[ac-tmdvcbz-shard-00-02.dddrndp.mongodb.net:27017, ac-tmdvcbz-shard-00-00.dddrndp.mongodb.net:27017, ac-tmdvcbz-shard-00-01.dddrndp.mongodb.net:27017], passives=[], arbiters=[], primary='ac-tmdvcbz-shard-00-01.dddrndp.mongodb.net:27017', tagSet=TagSet{[Tag{name='availabilityZone', value='southamerica-east1-c'}, Tag{name='diskState', value='READY'}, Tag{name='nodeType', value='ELECTABLE'}, Tag{name='provider', value='GCP'}, Tag{name='region', value='SOUTH_AMERICA_EAST_1'}, Tag{name='workloadType', value='OPERATIONAL'}]}, electionId=null, setVersion=32, topologyVersion=TopologyVersion{processId=668e96757d267586ac9d844d, counter=3}, lastWriteDate=Sat Jul 20 21:42:01 BRT 2024, lastUpdateTimeNanos=264266077112399}
2024-07-20 21:41:37,402 INFO com.mongodb.internal.diagnostics.logging.SLF4JLogger [cluster-ClusterId{value='669c5940d250c37bf20748cd', description='null'}-ac-tmdvcbz-shard-00-01.dddrndp.mongodb.net:27017] Discovered replica set primary ac-tmdvcbz-shard-00-01.dddrndp.mongodb.net:27017 with max election id 7fffffff00000000000000e8 and max set version 32
2024-07-20 21:41:37,452 INFO org.apache.juli.logging.DirectJDKLog [main] Starting ProtocolHandler ["http-nio-8080"]
2024-07-20 21:41:37,508 INFO org.springframework.boot.web.embedded.tomcat.TomcatWebServer [main] Tomcat started on port(s): 8080 (http) with context path '/mazebank'
2024-07-20 21:41:37,529 INFO org.springframework.boot.StartupInfoLogger [main] Started MazebankApplication in 2.788 seconds (JVM running for 3.256)
2024-07-20 21:41:55,354 INFO org.apache.juli.logging.DirectJDKLog [http-nio-8080-exec-1] Initializing Spring DispatcherServlet 'dispatcherServlet'
2024-07-20 21:41:55,354 INFO org.springframework.web.servlet.FrameworkServlet [http-nio-8080-exec-1] Initializing Servlet 'dispatcherServlet'
2024-07-20 21:41:55,355 INFO org.springframework.web.servlet.FrameworkServlet [http-nio-8080-exec-1] Completed initialization in 1 ms
2024-07-20 21:41:55,388 INFO ht.henrique.mazebank.service.impl.ManagementServiceImpl [http-nio-8080-exec-1] Searching user with key: henrique@email.com
2024-07-20 21:41:55,495 INFO ht.henrique.mazebank.service.impl.ManagementServiceImpl [http-nio-8080-exec-1] User founded with uid 669c3a13f4df997161d9a251
2024-07-20 21:42:01,066 INFO ht.henrique.mazebank.service.impl.ManagementServiceImpl [http-nio-8080-exec-2] Searching user with key: henrique@email.com
2024-07-20 21:42:01,074 INFO ht.henrique.mazebank.service.impl.AuthenticationServiceImpl [http-nio-8080-exec-2] Logged with success
2024-07-20 21:42:01,109 INFO ht.henrique.mazebank.service.impl.ManagementServiceImpl [http-nio-8080-exec-3] Searching user with key: henrique@email.com
2024-07-20 21:42:01,114 INFO ht.henrique.mazebank.service.impl.ManagementServiceImpl [http-nio-8080-exec-3] User founded with uid 669c3a13f4df997161d9a251
2024-07-20 21:42:28,352 INFO ht.henrique.mazebank.service.impl.ManagementServiceImpl [http-nio-8080-exec-4] Searching user with key: henrique@email.com
2024-07-20 21:42:28,357 INFO ht.henrique.mazebank.service.impl.ManagementServiceImpl [http-nio-8080-exec-4] User founded with uid 669c3a13f4df997161d9a251
2024-07-20 21:42:30,579 INFO ht.henrique.mazebank.service.impl.ManagementServiceImpl [http-nio-8080-exec-5] Searching user with key: 669c3a13f4df997161d9a251
2024-07-20 21:42:30,587 ERROR org.apache.juli.logging.DirectJDKLog [http-nio-8080-exec-5] Servlet.service() for servlet [dispatcherServlet] in context with path [/mazebank] threw exception [Request processing failed; nested exception is ht.henrique.mazebank.exception.ValidationException: Balance is empty] with root cause
ht.henrique.mazebank.exception.ValidationException: Balance is empty
	at ht.henrique.mazebank.service.impl.ManagementServiceImpl.depositBalance(ManagementServiceImpl.java:88)
	at ht.henrique.mazebank.controller.ManagementController.depositBalance(ManagementController.java:47)
	at java.base/jdk.internal.reflect.NativeMethodAccessorImpl.invoke0(Native Method)
	at java.base/jdk.internal.reflect.NativeMethodAccessorImpl.invoke(NativeMethodAccessorImpl.java:77)
	at java.base/jdk.internal.reflect.DelegatingMethodAccessorImpl.invoke(DelegatingMethodAccessorImpl.java:43)
	at java.base/java.lang.reflect.Method.invoke(Method.java:568)
	at org.springframework.web.method.support.InvocableHandlerMethod.doInvoke(InvocableHandlerMethod.java:205)
	at org.springframework.web.method.support.InvocableHandlerMethod.invokeForRequest(InvocableHandlerMethod.java:150)
	at org.springframework.web.servlet.mvc.method.annotation.ServletInvocableHandlerMethod.invokeAndHandle(ServletInvocableHandlerMethod.java:117)
	at org.springframework.web.servlet.mvc.method.annotation.RequestMappingHandlerAdapter.invokeHandlerMethod(RequestMappingHandlerAdapter.java:895)
	at org.springframework.web.servlet.mvc.method.annotation.RequestMappingHandlerAdapter.handleInternal(RequestMappingHandlerAdapter.java:808)
	at org.springframework.web.servlet.mvc.method.AbstractHandlerMethodAdapter.handle(AbstractHandlerMethodAdapter.java:87)
	at org.springframework.web.servlet.DispatcherServlet.doDispatch(DispatcherServlet.java:1067)
	at org.springframework.web.servlet.DispatcherServlet.doService(DispatcherServlet.java:963)
	at org.springframework.web.servlet.FrameworkServlet.processRequest(FrameworkServlet.java:1006)
	at org.springframework.web.servlet.FrameworkServlet.doPost(FrameworkServlet.java:909)
	at javax.servlet.http.HttpServlet.service(HttpServlet.java:681)
	at org.springframework.web.servlet.FrameworkServlet.service(FrameworkServlet.java:883)
	at javax.servlet.http.HttpServlet.service(HttpServlet.java:764)
	at org.apache.catalina.core.ApplicationFilterChain.internalDoFilter(ApplicationFilterChain.java:227)
	at org.apache.catalina.core.ApplicationFilterChain.doFilter(ApplicationFilterChain.java:162)
	at org.apache.tomcat.websocket.server.WsFilter.doFilter(WsFilter.java:53)
	at org.apache.catalina.core.ApplicationFilterChain.internalDoFilter(ApplicationFilterChain.java:189)
	at org.apache.catalina.core.ApplicationFilterChain.doFilter(ApplicationFilterChain.java:162)
	at org.springframework.web.filter.RequestContextFilter.doFilterInternal(RequestContextFilter.java:100)
	at org.springframework.web.filter.OncePerRequestFilter.doFilter(OncePerRequestFilter.java:117)
	at org.apache.catalina.core.ApplicationFilterChain.internalDoFilter(ApplicationFilterChain.java:189)
	at org.apache.catalina.core.ApplicationFilterChain.doFilter(ApplicationFilterChain.java:162)
	at org.springframework.web.filter.FormContentFilter.doFilterInternal(FormContentFilter.java:93)
	at org.springframework.web.filter.OncePerRequestFilter.doFilter(OncePerRequestFilter.java:117)
	at org.apache.catalina.core.ApplicationFilterChain.internalDoFilter(ApplicationFilterChain.java:189)
	at org.apache.catalina.core.ApplicationFilterChain.doFilter(ApplicationFilterChain.java:162)
	at org.springframework.web.filter.CharacterEncodingFilter.doFilterInternal(CharacterEncodingFilter.java:201)
	at org.springframework.web.filter.OncePerRequestFilter.doFilter(OncePerRequestFilter.java:117)
	at org.apache.catalina.core.ApplicationFilterChain.internalDoFilter(ApplicationFilterChain.java:189)
	at org.apache.catalina.core.ApplicationFilterChain.doFilter(ApplicationFilterChain.java:162)
	at org.apache.catalina.core.StandardWrapperValve.invoke(StandardWrapperValve.java:197)
	at org.apache.catalina.core.StandardContextValve.invoke(StandardContextValve.java:97)
	at org.apache.catalina.authenticator.AuthenticatorBase.invoke(AuthenticatorBase.java:541)
	at org.apache.catalina.core.StandardHostValve.invoke(StandardHostValve.java:135)
	at org.apache.catalina.valves.ErrorReportValve.invoke(ErrorReportValve.java:92)
	at org.apache.catalina.core.StandardEngineValve.invoke(StandardEngineValve.java:78)
	at org.apache.catalina.connector.CoyoteAdapter.service(CoyoteAdapter.java:360)
	at org.apache.coyote.http11.Http11Processor.service(Http11Processor.java:399)
	at org.apache.coyote.AbstractProcessorLight.process(AbstractProcessorLight.java:65)
	at org.apache.coyote.AbstractProtocol$ConnectionHandler.process(AbstractProtocol.java:890)
	at org.apache.tomcat.util.net.NioEndpoint$SocketProcessor.doRun(NioEndpoint.java:1743)
	at org.apache.tomcat.util.net.SocketProcessorBase.run(SocketProcessorBase.java:49)
	at org.apache.tomcat.util.threads.ThreadPoolExecutor.runWorker(ThreadPoolExecutor.java:1191)
	at org.apache.tomcat.util.threads.ThreadPoolExecutor$Worker.run(ThreadPoolExecutor.java:659)
	at org.apache.tomcat.util.threads.TaskThread$WrappingRunnable.run(TaskThread.java:61)
	at java.base/java.lang.Thread.run(Thread.java:842)
2024-07-20 21:43:00,148 INFO ht.henrique.mazebank.service.impl.ManagementServiceImpl [http-nio-8080-exec-6] Searching user with key: 669c3a13f4df997161d9a251
2024-07-20 21:44:17,501 ERROR org.apache.juli.logging.DirectJDKLog [http-nio-8080-exec-6] Servlet.service() for servlet [dispatcherServlet] in context with path [/mazebank] threw exception [Request processing failed; nested exception is ht.henrique.mazebank.exception.ValidationException: Balance is empty] with root cause
ht.henrique.mazebank.exception.ValidationException: Balance is empty
	at ht.henrique.mazebank.service.impl.ManagementServiceImpl.depositBalance(ManagementServiceImpl.java:88)
	at ht.henrique.mazebank.controller.ManagementController.depositBalance(ManagementController.java:47)
	at java.base/jdk.internal.reflect.NativeMethodAccessorImpl.invoke0(Native Method)
	at java.base/jdk.internal.reflect.NativeMethodAccessorImpl.invoke(NativeMethodAccessorImpl.java:77)
	at java.base/jdk.internal.reflect.DelegatingMethodAccessorImpl.invoke(DelegatingMethodAccessorImpl.java:43)
	at java.base/java.lang.reflect.Method.invoke(Method.java:568)
	at org.springframework.web.method.support.InvocableHandlerMethod.doInvoke(InvocableHandlerMethod.java:205)
	at org.springframework.web.method.support.InvocableHandlerMethod.invokeForRequest(InvocableHandlerMethod.java:150)
	at org.springframework.web.servlet.mvc.method.annotation.ServletInvocableHandlerMethod.invokeAndHandle(ServletInvocableHandlerMethod.java:117)
	at org.springframework.web.servlet.mvc.method.annotation.RequestMappingHandlerAdapter.invokeHandlerMethod(RequestMappingHandlerAdapter.java:895)
	at org.springframework.web.servlet.mvc.method.annotation.RequestMappingHandlerAdapter.handleInternal(RequestMappingHandlerAdapter.java:808)
	at org.springframework.web.servlet.mvc.method.AbstractHandlerMethodAdapter.handle(AbstractHandlerMethodAdapter.java:87)
	at org.springframework.web.servlet.DispatcherServlet.doDispatch(DispatcherServlet.java:1067)
	at org.springframework.web.servlet.DispatcherServlet.doService(DispatcherServlet.java:963)
	at org.springframework.web.servlet.FrameworkServlet.processRequest(FrameworkServlet.java:1006)
	at org.springframework.web.servlet.FrameworkServlet.doPost(FrameworkServlet.java:909)
	at javax.servlet.http.HttpServlet.service(HttpServlet.java:681)
	at org.springframework.web.servlet.FrameworkServlet.service(FrameworkServlet.java:883)
	at javax.servlet.http.HttpServlet.service(HttpServlet.java:764)
	at org.apache.catalina.core.ApplicationFilterChain.internalDoFilter(ApplicationFilterChain.java:227)
	at org.apache.catalina.core.ApplicationFilterChain.doFilter(ApplicationFilterChain.java:162)
	at org.apache.tomcat.websocket.server.WsFilter.doFilter(WsFilter.java:53)
	at org.apache.catalina.core.ApplicationFilterChain.internalDoFilter(ApplicationFilterChain.java:189)
	at org.apache.catalina.core.ApplicationFilterChain.doFilter(ApplicationFilterChain.java:162)
	at org.springframework.web.filter.RequestContextFilter.doFilterInternal(RequestContextFilter.java:100)
	at org.springframework.web.filter.OncePerRequestFilter.doFilter(OncePerRequestFilter.java:117)
	at org.apache.catalina.core.ApplicationFilterChain.internalDoFilter(ApplicationFilterChain.java:189)
	at org.apache.catalina.core.ApplicationFilterChain.doFilter(ApplicationFilterChain.java:162)
	at org.springframework.web.filter.FormContentFilter.doFilterInternal(FormContentFilter.java:93)
	at org.springframework.web.filter.OncePerRequestFilter.doFilter(OncePerRequestFilter.java:117)
	at org.apache.catalina.core.ApplicationFilterChain.internalDoFilter(ApplicationFilterChain.java:189)
	at org.apache.catalina.core.ApplicationFilterChain.doFilter(ApplicationFilterChain.java:162)
	at org.springframework.web.filter.CharacterEncodingFilter.doFilterInternal(CharacterEncodingFilter.java:201)
	at org.springframework.web.filter.OncePerRequestFilter.doFilter(OncePerRequestFilter.java:117)
	at org.apache.catalina.core.ApplicationFilterChain.internalDoFilter(ApplicationFilterChain.java:189)
	at org.apache.catalina.core.ApplicationFilterChain.doFilter(ApplicationFilterChain.java:162)
	at org.apache.catalina.core.StandardWrapperValve.invoke(StandardWrapperValve.java:197)
	at org.apache.catalina.core.StandardContextValve.invoke(StandardContextValve.java:97)
	at org.apache.catalina.authenticator.AuthenticatorBase.invoke(AuthenticatorBase.java:541)
	at org.apache.catalina.core.StandardHostValve.invoke(StandardHostValve.java:135)
	at org.apache.catalina.valves.ErrorReportValve.invoke(ErrorReportValve.java:92)
	at org.apache.catalina.core.StandardEngineValve.invoke(StandardEngineValve.java:78)
	at org.apache.catalina.connector.CoyoteAdapter.service(CoyoteAdapter.java:360)
	at org.apache.coyote.http11.Http11Processor.service(Http11Processor.java:399)
	at org.apache.coyote.AbstractProcessorLight.process(AbstractProcessorLight.java:65)
	at org.apache.coyote.AbstractProtocol$ConnectionHandler.process(AbstractProtocol.java:890)
	at org.apache.tomcat.util.net.NioEndpoint$SocketProcessor.doRun(NioEndpoint.java:1743)
	at org.apache.tomcat.util.net.SocketProcessorBase.run(SocketProcessorBase.java:49)
	at org.apache.tomcat.util.threads.ThreadPoolExecutor.runWorker(ThreadPoolExecutor.java:1191)
	at org.apache.tomcat.util.threads.ThreadPoolExecutor$Worker.run(ThreadPoolExecutor.java:659)
	at org.apache.tomcat.util.threads.TaskThread$WrappingRunnable.run(TaskThread.java:61)
	at java.base/java.lang.Thread.run(Thread.java:842)
2024-07-20 21:44:50,189 INFO ht.henrique.mazebank.service.impl.ManagementServiceImpl [http-nio-8080-exec-7] Searching user with key: 669c3a13f4df997161d9a251
2024-07-20 21:45:28,649 ERROR org.apache.juli.logging.DirectJDKLog [http-nio-8080-exec-7] Servlet.service() for servlet [dispatcherServlet] in context with path [/mazebank] threw exception [Request processing failed; nested exception is ht.henrique.mazebank.exception.ValidationException: Balance is empty] with root cause
ht.henrique.mazebank.exception.ValidationException: Balance is empty
	at ht.henrique.mazebank.service.impl.ManagementServiceImpl.depositBalance(ManagementServiceImpl.java:88)
	at ht.henrique.mazebank.controller.ManagementController.depositBalance(ManagementController.java:47)
	at java.base/jdk.internal.reflect.NativeMethodAccessorImpl.invoke0(Native Method)
	at java.base/jdk.internal.reflect.NativeMethodAccessorImpl.invoke(NativeMethodAccessorImpl.java:77)
	at java.base/jdk.internal.reflect.DelegatingMethodAccessorImpl.invoke(DelegatingMethodAccessorImpl.java:43)
	at java.base/java.lang.reflect.Method.invoke(Method.java:568)
	at org.springframework.web.method.support.InvocableHandlerMethod.doInvoke(InvocableHandlerMethod.java:205)
	at org.springframework.web.method.support.InvocableHandlerMethod.invokeForRequest(InvocableHandlerMethod.java:150)
	at org.springframework.web.servlet.mvc.method.annotation.ServletInvocableHandlerMethod.invokeAndHandle(ServletInvocableHandlerMethod.java:117)
	at org.springframework.web.servlet.mvc.method.annotation.RequestMappingHandlerAdapter.invokeHandlerMethod(RequestMappingHandlerAdapter.java:895)
	at org.springframework.web.servlet.mvc.method.annotation.RequestMappingHandlerAdapter.handleInternal(RequestMappingHandlerAdapter.java:808)
	at org.springframework.web.servlet.mvc.method.AbstractHandlerMethodAdapter.handle(AbstractHandlerMethodAdapter.java:87)
	at org.springframework.web.servlet.DispatcherServlet.doDispatch(DispatcherServlet.java:1067)
	at org.springframework.web.servlet.DispatcherServlet.doService(DispatcherServlet.java:963)
	at org.springframework.web.servlet.FrameworkServlet.processRequest(FrameworkServlet.java:1006)
	at org.springframework.web.servlet.FrameworkServlet.doPost(FrameworkServlet.java:909)
	at javax.servlet.http.HttpServlet.service(HttpServlet.java:681)
	at org.springframework.web.servlet.FrameworkServlet.service(FrameworkServlet.java:883)
	at javax.servlet.http.HttpServlet.service(HttpServlet.java:764)
	at org.apache.catalina.core.ApplicationFilterChain.internalDoFilter(ApplicationFilterChain.java:227)
	at org.apache.catalina.core.ApplicationFilterChain.doFilter(ApplicationFilterChain.java:162)
	at org.apache.tomcat.websocket.server.WsFilter.doFilter(WsFilter.java:53)
	at org.apache.catalina.core.ApplicationFilterChain.internalDoFilter(ApplicationFilterChain.java:189)
	at org.apache.catalina.core.ApplicationFilterChain.doFilter(ApplicationFilterChain.java:162)
	at org.springframework.web.filter.RequestContextFilter.doFilterInternal(RequestContextFilter.java:100)
	at org.springframework.web.filter.OncePerRequestFilter.doFilter(OncePerRequestFilter.java:117)
	at org.apache.catalina.core.ApplicationFilterChain.internalDoFilter(ApplicationFilterChain.java:189)
	at org.apache.catalina.core.ApplicationFilterChain.doFilter(ApplicationFilterChain.java:162)
	at org.springframework.web.filter.FormContentFilter.doFilterInternal(FormContentFilter.java:93)
	at org.springframework.web.filter.OncePerRequestFilter.doFilter(OncePerRequestFilter.java:117)
	at org.apache.catalina.core.ApplicationFilterChain.internalDoFilter(ApplicationFilterChain.java:189)
	at org.apache.catalina.core.ApplicationFilterChain.doFilter(ApplicationFilterChain.java:162)
	at org.springframework.web.filter.CharacterEncodingFilter.doFilterInternal(CharacterEncodingFilter.java:201)
	at org.springframework.web.filter.OncePerRequestFilter.doFilter(OncePerRequestFilter.java:117)
	at org.apache.catalina.core.ApplicationFilterChain.internalDoFilter(ApplicationFilterChain.java:189)
	at org.apache.catalina.core.ApplicationFilterChain.doFilter(ApplicationFilterChain.java:162)
	at org.apache.catalina.core.StandardWrapperValve.invoke(StandardWrapperValve.java:197)
	at org.apache.catalina.core.StandardContextValve.invoke(StandardContextValve.java:97)
	at org.apache.catalina.authenticator.AuthenticatorBase.invoke(AuthenticatorBase.java:541)
	at org.apache.catalina.core.StandardHostValve.invoke(StandardHostValve.java:135)
	at org.apache.catalina.valves.ErrorReportValve.invoke(ErrorReportValve.java:92)
	at org.apache.catalina.core.StandardEngineValve.invoke(StandardEngineValve.java:78)
	at org.apache.catalina.connector.CoyoteAdapter.service(CoyoteAdapter.java:360)
	at org.apache.coyote.http11.Http11Processor.service(Http11Processor.java:399)
	at org.apache.coyote.AbstractProcessorLight.process(AbstractProcessorLight.java:65)
	at org.apache.coyote.AbstractProtocol$ConnectionHandler.process(AbstractProtocol.java:890)
	at org.apache.tomcat.util.net.NioEndpoint$SocketProcessor.doRun(NioEndpoint.java:1743)
	at org.apache.tomcat.util.net.SocketProcessorBase.run(SocketProcessorBase.java:49)
	at org.apache.tomcat.util.threads.ThreadPoolExecutor.runWorker(ThreadPoolExecutor.java:1191)
	at org.apache.tomcat.util.threads.ThreadPoolExecutor$Worker.run(ThreadPoolExecutor.java:659)
	at org.apache.tomcat.util.threads.TaskThread$WrappingRunnable.run(TaskThread.java:61)
	at java.base/java.lang.Thread.run(Thread.java:842)
2024-07-20 21:45:51,999 INFO org.springframework.boot.StartupInfoLogger [main] Starting MazebankApplication using Java 17.0.11 on HENRIQUE-PC with PID 36956 (E:\Henrique Teixeira\Projetos\Java\mazebank\target\classes started by hthen in E:\Henrique Teixeira\Projetos\Java\mazebank)
2024-07-20 21:45:52,006 INFO org.springframework.boot.SpringApplication [main] No active profile set, falling back to 1 default profile: "default"
2024-07-20 21:45:53,146 INFO org.springframework.boot.web.embedded.tomcat.TomcatWebServer [main] Tomcat initialized with port(s): 8080 (http)
2024-07-20 21:45:53,158 INFO org.apache.juli.logging.DirectJDKLog [main] Initializing ProtocolHandler ["http-nio-8080"]
2024-07-20 21:45:53,159 INFO org.apache.juli.logging.DirectJDKLog [main] Starting service [Tomcat]
2024-07-20 21:45:53,159 INFO org.apache.juli.logging.DirectJDKLog [main] Starting Servlet engine: [Apache Tomcat/9.0.63]
2024-07-20 21:45:53,249 INFO org.apache.juli.logging.DirectJDKLog [main] Initializing Spring embedded WebApplicationContext
2024-07-20 21:45:53,249 INFO org.springframework.boot.web.servlet.context.ServletWebServerApplicationContext [main] Root WebApplicationContext: initialization completed in 1166 ms
2024-07-20 21:45:53,424 INFO com.mongodb.internal.diagnostics.logging.SLF4JLogger [cluster-ClusterId{value='669c5a4159feda3b60cf96a6', description='null'}-srv-mazebankcluster.dddrndp.mongodb.net] Adding discovered server ac-tmdvcbz-shard-00-02.dddrndp.mongodb.net:27017 to client view of cluster
2024-07-20 21:45:53,436 INFO com.mongodb.internal.diagnostics.logging.SLF4JLogger [main] MongoClient with metadata {"driver": {"name": "mongo-java-driver|sync", "version": "4.10.2"}, "os": {"type": "Windows", "name": "Windows 11", "architecture": "amd64", "version": "10.0"}, "platform": "Java/Oracle Corporation/17.0.11+7-LTS-207"} created with settings MongoClientSettings{readPreference=primary, writeConcern=WriteConcern{w=majority, wTimeout=null ms, journal=null}, retryWrites=true, retryReads=true, readConcern=ReadConcern{level=null}, credential=MongoCredential{mechanism=null, userName='mazebank', source='admin', password=<hidden>, mechanismProperties=<hidden>}, streamFactoryFactory=null, commandListeners=[], codecRegistry=ProvidersCodecRegistry{codecProviders=[ValueCodecProvider{}, BsonValueCodecProvider{}, DBRefCodecProvider{}, DBObjectCodecProvider{}, DocumentCodecProvider{}, CollectionCodecProvider{}, IterableCodecProvider{}, MapCodecProvider{}, GeoJsonCodecProvider{}, GridFSFileCodecProvider{}, Jsr310CodecProvider{}, JsonObjectCodecProvider{}, BsonCodecProvider{}, EnumCodecProvider{}, com.mongodb.client.model.mql.ExpressionCodecProvider@7ee8130e, com.mongodb.Jep395RecordCodecProvider@6296474f, com.mongodb.KotlinCodecProvider@4288d98e]}, loggerSettings=LoggerSettings{maxDocumentLength=1000}, clusterSettings={hosts=[127.0.0.1:27017], srvHost=mazebankcluster.dddrndp.mongodb.net, srvServiceName=mongodb, mode=MULTIPLE, requiredClusterType=REPLICA_SET, requiredReplicaSetName='atlas-qhvfd0-shard-0', serverSelector='null', clusterListeners='[]', serverSelectionTimeout='30000 ms', localThreshold='30000 ms'}, socketSettings=SocketSettings{connectTimeoutMS=10000, readTimeoutMS=0, receiveBufferSize=0, sendBufferSize=0}, heartbeatSocketSettings=SocketSettings{connectTimeoutMS=10000, readTimeoutMS=10000, receiveBufferSize=0, sendBufferSize=0}, connectionPoolSettings=ConnectionPoolSettings{maxSize=100, minSize=0, maxWaitTimeMS=120000, maxConnectionLifeTimeMS=0, maxConnectionIdleTimeMS=0, maintenanceInitialDelayMS=0, maintenanceFrequencyMS=60000, connectionPoolListeners=[], maxConnecting=2}, serverSettings=ServerSettings{heartbeatFrequencyMS=10000, minHeartbeatFrequencyMS=500, serverListeners='[]', serverMonitorListeners='[]'}, sslSettings=SslSettings{enabled=true, invalidHostNameAllowed=false, context=null}, applicationName='null', compressorList=[], uuidRepresentation=UNSPECIFIED, serverApi=ServerApi{version=V1, deprecationErrors=null, strict=null}, autoEncryptionSettings=null, dnsClient=null, inetAddressResolver=null, contextProvider=null}
2024-07-20 21:45:53,451 INFO com.mongodb.internal.diagnostics.logging.SLF4JLogger [cluster-ClusterId{value='669c5a4159feda3b60cf96a6', description='null'}-srv-mazebankcluster.dddrndp.mongodb.net] Adding discovered server ac-tmdvcbz-shard-00-00.dddrndp.mongodb.net:27017 to client view of cluster
2024-07-20 21:45:53,453 INFO com.mongodb.internal.diagnostics.logging.SLF4JLogger [cluster-ClusterId{value='669c5a4159feda3b60cf96a6', description='null'}-srv-mazebankcluster.dddrndp.mongodb.net] Adding discovered server ac-tmdvcbz-shard-00-01.dddrndp.mongodb.net:27017 to client view of cluster
2024-07-20 21:45:54,205 INFO com.mongodb.internal.diagnostics.logging.SLF4JLogger [cluster-ClusterId{value='669c5a4159feda3b60cf96a6', description='null'}-ac-tmdvcbz-shard-00-00.dddrndp.mongodb.net:27017] Monitor thread successfully connected to server with description ServerDescription{address=ac-tmdvcbz-shard-00-00.dddrndp.mongodb.net:27017, type=REPLICA_SET_SECONDARY, state=CONNECTED, ok=true, minWireVersion=0, maxWireVersion=21, maxDocumentSize=16777216, logicalSessionTimeoutMinutes=30, roundTripTimeNanos=436653900, setName='atlas-qhvfd0-shard-0', canonicalAddress=ac-tmdvcbz-shard-00-00.dddrndp.mongodb.net:27017, hosts=[ac-tmdvcbz-shard-00-02.dddrndp.mongodb.net:27017, ac-tmdvcbz-shard-00-00.dddrndp.mongodb.net:27017, ac-tmdvcbz-shard-00-01.dddrndp.mongodb.net:27017], passives=[], arbiters=[], primary='ac-tmdvcbz-shard-00-01.dddrndp.mongodb.net:27017', tagSet=TagSet{[Tag{name='availabilityZone', value='southamerica-east1-a'}, Tag{name='diskState', value='READY'}, Tag{name='nodeType', value='ELECTABLE'}, Tag{name='provider', value='GCP'}, Tag{name='region', value='SOUTH_AMERICA_EAST_1'}, Tag{name='workloadType', value='OPERATIONAL'}]}, electionId=null, setVersion=32, topologyVersion=TopologyVersion{processId=668e95cdbb8bd16ca66ef412, counter=4}, lastWriteDate=Sat Jul 20 21:46:18 BRT 2024, lastUpdateTimeNanos=264522892446400}
2024-07-20 21:45:54,205 INFO com.mongodb.internal.diagnostics.logging.SLF4JLogger [cluster-ClusterId{value='669c5a4159feda3b60cf96a6', description='null'}-ac-tmdvcbz-shard-00-02.dddrndp.mongodb.net:27017] Monitor thread successfully connected to server with description ServerDescription{address=ac-tmdvcbz-shard-00-02.dddrndp.mongodb.net:27017, type=REPLICA_SET_SECONDARY, state=CONNECTED, ok=true, minWireVersion=0, maxWireVersion=21, maxDocumentSize=16777216, logicalSessionTimeoutMinutes=30, roundTripTimeNanos=436653901, setName='atlas-qhvfd0-shard-0', canonicalAddress=ac-tmdvcbz-shard-00-02.dddrndp.mongodb.net:27017, hosts=[ac-tmdvcbz-shard-00-02.dddrndp.mongodb.net:27017, ac-tmdvcbz-shard-00-00.dddrndp.mongodb.net:27017, ac-tmdvcbz-shard-00-01.dddrndp.mongodb.net:27017], passives=[], arbiters=[], primary='ac-tmdvcbz-shard-00-01.dddrndp.mongodb.net:27017', tagSet=TagSet{[Tag{name='availabilityZone', value='southamerica-east1-c'}, Tag{name='diskState', value='READY'}, Tag{name='nodeType', value='ELECTABLE'}, Tag{name='provider', value='GCP'}, Tag{name='region', value='SOUTH_AMERICA_EAST_1'}, Tag{name='workloadType', value='OPERATIONAL'}]}, electionId=null, setVersion=32, topologyVersion=TopologyVersion{processId=668e96757d267586ac9d844d, counter=3}, lastWriteDate=Sat Jul 20 21:46:18 BRT 2024, lastUpdateTimeNanos=264522892446600}
2024-07-20 21:45:54,205 INFO com.mongodb.internal.diagnostics.logging.SLF4JLogger [cluster-ClusterId{value='669c5a4159feda3b60cf96a6', description='null'}-ac-tmdvcbz-shard-00-01.dddrndp.mongodb.net:27017] Monitor thread successfully connected to server with description ServerDescription{address=ac-tmdvcbz-shard-00-01.dddrndp.mongodb.net:27017, type=REPLICA_SET_PRIMARY, state=CONNECTED, ok=true, minWireVersion=0, maxWireVersion=21, maxDocumentSize=16777216, logicalSessionTimeoutMinutes=30, roundTripTimeNanos=436637501, setName='atlas-qhvfd0-shard-0', canonicalAddress=ac-tmdvcbz-shard-00-01.dddrndp.mongodb.net:27017, hosts=[ac-tmdvcbz-shard-00-02.dddrndp.mongodb.net:27017, ac-tmdvcbz-shard-00-00.dddrndp.mongodb.net:27017, ac-tmdvcbz-shard-00-01.dddrndp.mongodb.net:27017], passives=[], arbiters=[], primary='ac-tmdvcbz-shard-00-01.dddrndp.mongodb.net:27017', tagSet=TagSet{[Tag{name='availabilityZone', value='southamerica-east1-b'}, Tag{name='diskState', value='READY'}, Tag{name='nodeType', value='ELECTABLE'}, Tag{name='provider', value='GCP'}, Tag{name='region', value='SOUTH_AMERICA_EAST_1'}, Tag{name='workloadType', value='OPERATIONAL'}]}, electionId=7fffffff00000000000000e8, setVersion=32, topologyVersion=TopologyVersion{processId=668e962053e33eb2d9022a32, counter=6}, lastWriteDate=Sat Jul 20 21:46:18 BRT 2024, lastUpdateTimeNanos=264522892446500}
2024-07-20 21:45:54,223 INFO com.mongodb.internal.diagnostics.logging.SLF4JLogger [cluster-ClusterId{value='669c5a4159feda3b60cf96a6', description='null'}-ac-tmdvcbz-shard-00-01.dddrndp.mongodb.net:27017] Discovered replica set primary ac-tmdvcbz-shard-00-01.dddrndp.mongodb.net:27017 with max election id 7fffffff00000000000000e8 and max set version 32
2024-07-20 21:45:54,246 INFO org.apache.juli.logging.DirectJDKLog [main] Starting ProtocolHandler ["http-nio-8080"]
2024-07-20 21:45:54,297 INFO org.springframework.boot.web.embedded.tomcat.TomcatWebServer [main] Tomcat started on port(s): 8080 (http) with context path '/mazebank'
2024-07-20 21:45:54,317 INFO org.springframework.boot.StartupInfoLogger [main] Started MazebankApplication in 2.726 seconds (JVM running for 3.242)
2024-07-20 21:46:19,330 INFO org.apache.juli.logging.DirectJDKLog [http-nio-8080-exec-1] Initializing Spring DispatcherServlet 'dispatcherServlet'
2024-07-20 21:46:19,331 INFO org.springframework.web.servlet.FrameworkServlet [http-nio-8080-exec-1] Initializing Servlet 'dispatcherServlet'
2024-07-20 21:46:19,332 INFO org.springframework.web.servlet.FrameworkServlet [http-nio-8080-exec-1] Completed initialization in 1 ms
2024-07-20 21:46:19,369 INFO ht.henrique.mazebank.service.impl.ManagementServiceImpl [http-nio-8080-exec-1] Searching user with key: 669c3a13f4df997161d9a251
2024-07-20 21:47:16,345 ERROR org.apache.juli.logging.DirectJDKLog [http-nio-8080-exec-1] Servlet.service() for servlet [dispatcherServlet] in context with path [/mazebank] threw exception [Request processing failed; nested exception is ht.henrique.mazebank.exception.ValidationException: Balance is empty] with root cause
ht.henrique.mazebank.exception.ValidationException: Balance is empty
	at ht.henrique.mazebank.service.impl.ManagementServiceImpl.depositBalance(ManagementServiceImpl.java:88)
	at ht.henrique.mazebank.controller.ManagementController.depositBalance(ManagementController.java:47)
	at java.base/jdk.internal.reflect.NativeMethodAccessorImpl.invoke0(Native Method)
	at java.base/jdk.internal.reflect.NativeMethodAccessorImpl.invoke(NativeMethodAccessorImpl.java:77)
	at java.base/jdk.internal.reflect.DelegatingMethodAccessorImpl.invoke(DelegatingMethodAccessorImpl.java:43)
	at java.base/java.lang.reflect.Method.invoke(Method.java:568)
	at org.springframework.web.method.support.InvocableHandlerMethod.doInvoke(InvocableHandlerMethod.java:205)
	at org.springframework.web.method.support.InvocableHandlerMethod.invokeForRequest(InvocableHandlerMethod.java:150)
	at org.springframework.web.servlet.mvc.method.annotation.ServletInvocableHandlerMethod.invokeAndHandle(ServletInvocableHandlerMethod.java:117)
	at org.springframework.web.servlet.mvc.method.annotation.RequestMappingHandlerAdapter.invokeHandlerMethod(RequestMappingHandlerAdapter.java:895)
	at org.springframework.web.servlet.mvc.method.annotation.RequestMappingHandlerAdapter.handleInternal(RequestMappingHandlerAdapter.java:808)
	at org.springframework.web.servlet.mvc.method.AbstractHandlerMethodAdapter.handle(AbstractHandlerMethodAdapter.java:87)
	at org.springframework.web.servlet.DispatcherServlet.doDispatch(DispatcherServlet.java:1067)
	at org.springframework.web.servlet.DispatcherServlet.doService(DispatcherServlet.java:963)
	at org.springframework.web.servlet.FrameworkServlet.processRequest(FrameworkServlet.java:1006)
	at org.springframework.web.servlet.FrameworkServlet.doPost(FrameworkServlet.java:909)
	at javax.servlet.http.HttpServlet.service(HttpServlet.java:681)
	at org.springframework.web.servlet.FrameworkServlet.service(FrameworkServlet.java:883)
	at javax.servlet.http.HttpServlet.service(HttpServlet.java:764)
	at org.apache.catalina.core.ApplicationFilterChain.internalDoFilter(ApplicationFilterChain.java:227)
	at org.apache.catalina.core.ApplicationFilterChain.doFilter(ApplicationFilterChain.java:162)
	at org.apache.tomcat.websocket.server.WsFilter.doFilter(WsFilter.java:53)
	at org.apache.catalina.core.ApplicationFilterChain.internalDoFilter(ApplicationFilterChain.java:189)
	at org.apache.catalina.core.ApplicationFilterChain.doFilter(ApplicationFilterChain.java:162)
	at org.springframework.web.filter.RequestContextFilter.doFilterInternal(RequestContextFilter.java:100)
	at org.springframework.web.filter.OncePerRequestFilter.doFilter(OncePerRequestFilter.java:117)
	at org.apache.catalina.core.ApplicationFilterChain.internalDoFilter(ApplicationFilterChain.java:189)
	at org.apache.catalina.core.ApplicationFilterChain.doFilter(ApplicationFilterChain.java:162)
	at org.springframework.web.filter.FormContentFilter.doFilterInternal(FormContentFilter.java:93)
	at org.springframework.web.filter.OncePerRequestFilter.doFilter(OncePerRequestFilter.java:117)
	at org.apache.catalina.core.ApplicationFilterChain.internalDoFilter(ApplicationFilterChain.java:189)
	at org.apache.catalina.core.ApplicationFilterChain.doFilter(ApplicationFilterChain.java:162)
	at org.springframework.web.filter.CharacterEncodingFilter.doFilterInternal(CharacterEncodingFilter.java:201)
	at org.springframework.web.filter.OncePerRequestFilter.doFilter(OncePerRequestFilter.java:117)
	at org.apache.catalina.core.ApplicationFilterChain.internalDoFilter(ApplicationFilterChain.java:189)
	at org.apache.catalina.core.ApplicationFilterChain.doFilter(ApplicationFilterChain.java:162)
	at org.apache.catalina.core.StandardWrapperValve.invoke(StandardWrapperValve.java:197)
	at org.apache.catalina.core.StandardContextValve.invoke(StandardContextValve.java:97)
	at org.apache.catalina.authenticator.AuthenticatorBase.invoke(AuthenticatorBase.java:541)
	at org.apache.catalina.core.StandardHostValve.invoke(StandardHostValve.java:135)
	at org.apache.catalina.valves.ErrorReportValve.invoke(ErrorReportValve.java:92)
	at org.apache.catalina.core.StandardEngineValve.invoke(StandardEngineValve.java:78)
	at org.apache.catalina.connector.CoyoteAdapter.service(CoyoteAdapter.java:360)
	at org.apache.coyote.http11.Http11Processor.service(Http11Processor.java:399)
	at org.apache.coyote.AbstractProcessorLight.process(AbstractProcessorLight.java:65)
	at org.apache.coyote.AbstractProtocol$ConnectionHandler.process(AbstractProtocol.java:890)
	at org.apache.tomcat.util.net.NioEndpoint$SocketProcessor.doRun(NioEndpoint.java:1743)
	at org.apache.tomcat.util.net.SocketProcessorBase.run(SocketProcessorBase.java:49)
	at org.apache.tomcat.util.threads.ThreadPoolExecutor.runWorker(ThreadPoolExecutor.java:1191)
	at org.apache.tomcat.util.threads.ThreadPoolExecutor$Worker.run(ThreadPoolExecutor.java:659)
	at org.apache.tomcat.util.threads.TaskThread$WrappingRunnable.run(TaskThread.java:61)
	at java.base/java.lang.Thread.run(Thread.java:842)
2024-07-20 21:47:22,414 INFO org.springframework.boot.StartupInfoLogger [main] Starting MazebankApplication using Java 17.0.11 on HENRIQUE-PC with PID 1660 (E:\Henrique Teixeira\Projetos\Java\mazebank\target\classes started by hthen in E:\Henrique Teixeira\Projetos\Java\mazebank)
2024-07-20 21:47:22,418 INFO org.springframework.boot.SpringApplication [main] No active profile set, falling back to 1 default profile: "default"
2024-07-20 21:47:23,648 INFO org.springframework.boot.web.embedded.tomcat.TomcatWebServer [main] Tomcat initialized with port(s): 8080 (http)
2024-07-20 21:47:23,657 INFO org.apache.juli.logging.DirectJDKLog [main] Initializing ProtocolHandler ["http-nio-8080"]
2024-07-20 21:47:23,658 INFO org.apache.juli.logging.DirectJDKLog [main] Starting service [Tomcat]
2024-07-20 21:47:23,658 INFO org.apache.juli.logging.DirectJDKLog [main] Starting Servlet engine: [Apache Tomcat/9.0.63]
2024-07-20 21:47:23,749 INFO org.apache.juli.logging.DirectJDKLog [main] Initializing Spring embedded WebApplicationContext
2024-07-20 21:47:23,749 INFO org.springframework.boot.web.servlet.context.ServletWebServerApplicationContext [main] Root WebApplicationContext: initialization completed in 1256 ms
2024-07-20 21:47:23,918 INFO com.mongodb.internal.diagnostics.logging.SLF4JLogger [cluster-ClusterId{value='669c5a9b4aa61b40bb7294f2', description='null'}-srv-mazebankcluster.dddrndp.mongodb.net] Adding discovered server ac-tmdvcbz-shard-00-02.dddrndp.mongodb.net:27017 to client view of cluster
2024-07-20 21:47:23,930 INFO com.mongodb.internal.diagnostics.logging.SLF4JLogger [main] MongoClient with metadata {"driver": {"name": "mongo-java-driver|sync", "version": "4.10.2"}, "os": {"type": "Windows", "name": "Windows 11", "architecture": "amd64", "version": "10.0"}, "platform": "Java/Oracle Corporation/17.0.11+7-LTS-207"} created with settings MongoClientSettings{readPreference=primary, writeConcern=WriteConcern{w=majority, wTimeout=null ms, journal=null}, retryWrites=true, retryReads=true, readConcern=ReadConcern{level=null}, credential=MongoCredential{mechanism=null, userName='mazebank', source='admin', password=<hidden>, mechanismProperties=<hidden>}, streamFactoryFactory=null, commandListeners=[], codecRegistry=ProvidersCodecRegistry{codecProviders=[ValueCodecProvider{}, BsonValueCodecProvider{}, DBRefCodecProvider{}, DBObjectCodecProvider{}, DocumentCodecProvider{}, CollectionCodecProvider{}, IterableCodecProvider{}, MapCodecProvider{}, GeoJsonCodecProvider{}, GridFSFileCodecProvider{}, Jsr310CodecProvider{}, JsonObjectCodecProvider{}, BsonCodecProvider{}, EnumCodecProvider{}, com.mongodb.client.model.mql.ExpressionCodecProvider@5cc9d3d0, com.mongodb.Jep395RecordCodecProvider@7c2dfa2, com.mongodb.KotlinCodecProvider@661d88a]}, loggerSettings=LoggerSettings{maxDocumentLength=1000}, clusterSettings={hosts=[127.0.0.1:27017], srvHost=mazebankcluster.dddrndp.mongodb.net, srvServiceName=mongodb, mode=MULTIPLE, requiredClusterType=REPLICA_SET, requiredReplicaSetName='atlas-qhvfd0-shard-0', serverSelector='null', clusterListeners='[]', serverSelectionTimeout='30000 ms', localThreshold='30000 ms'}, socketSettings=SocketSettings{connectTimeoutMS=10000, readTimeoutMS=0, receiveBufferSize=0, sendBufferSize=0}, heartbeatSocketSettings=SocketSettings{connectTimeoutMS=10000, readTimeoutMS=10000, receiveBufferSize=0, sendBufferSize=0}, connectionPoolSettings=ConnectionPoolSettings{maxSize=100, minSize=0, maxWaitTimeMS=120000, maxConnectionLifeTimeMS=0, maxConnectionIdleTimeMS=0, maintenanceInitialDelayMS=0, maintenanceFrequencyMS=60000, connectionPoolListeners=[], maxConnecting=2}, serverSettings=ServerSettings{heartbeatFrequencyMS=10000, minHeartbeatFrequencyMS=500, serverListeners='[]', serverMonitorListeners='[]'}, sslSettings=SslSettings{enabled=true, invalidHostNameAllowed=false, context=null}, applicationName='null', compressorList=[], uuidRepresentation=UNSPECIFIED, serverApi=ServerApi{version=V1, deprecationErrors=null, strict=null}, autoEncryptionSettings=null, dnsClient=null, inetAddressResolver=null, contextProvider=null}
2024-07-20 21:47:23,943 INFO com.mongodb.internal.diagnostics.logging.SLF4JLogger [cluster-ClusterId{value='669c5a9b4aa61b40bb7294f2', description='null'}-srv-mazebankcluster.dddrndp.mongodb.net] Adding discovered server ac-tmdvcbz-shard-00-00.dddrndp.mongodb.net:27017 to client view of cluster
2024-07-20 21:47:23,943 INFO com.mongodb.internal.diagnostics.logging.SLF4JLogger [cluster-ClusterId{value='669c5a9b4aa61b40bb7294f2', description='null'}-srv-mazebankcluster.dddrndp.mongodb.net] Adding discovered server ac-tmdvcbz-shard-00-01.dddrndp.mongodb.net:27017 to client view of cluster
2024-07-20 21:47:24,744 INFO org.apache.juli.logging.DirectJDKLog [main] Starting ProtocolHandler ["http-nio-8080"]
2024-07-20 21:47:24,754 INFO com.mongodb.internal.diagnostics.logging.SLF4JLogger [cluster-ClusterId{value='669c5a9b4aa61b40bb7294f2', description='null'}-ac-tmdvcbz-shard-00-02.dddrndp.mongodb.net:27017] Monitor thread successfully connected to server with description ServerDescription{address=ac-tmdvcbz-shard-00-02.dddrndp.mongodb.net:27017, type=REPLICA_SET_SECONDARY, state=CONNECTED, ok=true, minWireVersion=0, maxWireVersion=21, maxDocumentSize=16777216, logicalSessionTimeoutMinutes=30, roundTripTimeNanos=498119100, setName='atlas-qhvfd0-shard-0', canonicalAddress=ac-tmdvcbz-shard-00-02.dddrndp.mongodb.net:27017, hosts=[ac-tmdvcbz-shard-00-02.dddrndp.mongodb.net:27017, ac-tmdvcbz-shard-00-00.dddrndp.mongodb.net:27017, ac-tmdvcbz-shard-00-01.dddrndp.mongodb.net:27017], passives=[], arbiters=[], primary='ac-tmdvcbz-shard-00-01.dddrndp.mongodb.net:27017', tagSet=TagSet{[Tag{name='availabilityZone', value='southamerica-east1-c'}, Tag{name='diskState', value='READY'}, Tag{name='nodeType', value='ELECTABLE'}, Tag{name='provider', value='GCP'}, Tag{name='region', value='SOUTH_AMERICA_EAST_1'}, Tag{name='workloadType', value='OPERATIONAL'}]}, electionId=null, setVersion=32, topologyVersion=TopologyVersion{processId=668e96757d267586ac9d844d, counter=3}, lastWriteDate=Sat Jul 20 21:47:48 BRT 2024, lastUpdateTimeNanos=264613440812400}
2024-07-20 21:47:24,754 INFO com.mongodb.internal.diagnostics.logging.SLF4JLogger [cluster-ClusterId{value='669c5a9b4aa61b40bb7294f2', description='null'}-ac-tmdvcbz-shard-00-01.dddrndp.mongodb.net:27017] Monitor thread successfully connected to server with description ServerDescription{address=ac-tmdvcbz-shard-00-01.dddrndp.mongodb.net:27017, type=REPLICA_SET_PRIMARY, state=CONNECTED, ok=true, minWireVersion=0, maxWireVersion=21, maxDocumentSize=16777216, logicalSessionTimeoutMinutes=30, roundTripTimeNanos=498004400, setName='atlas-qhvfd0-shard-0', canonicalAddress=ac-tmdvcbz-shard-00-01.dddrndp.mongodb.net:27017, hosts=[ac-tmdvcbz-shard-00-02.dddrndp.mongodb.net:27017, ac-tmdvcbz-shard-00-00.dddrndp.mongodb.net:27017, ac-tmdvcbz-shard-00-01.dddrndp.mongodb.net:27017], passives=[], arbiters=[], primary='ac-tmdvcbz-shard-00-01.dddrndp.mongodb.net:27017', tagSet=TagSet{[Tag{name='availabilityZone', value='southamerica-east1-b'}, Tag{name='diskState', value='READY'}, Tag{name='nodeType', value='ELECTABLE'}, Tag{name='provider', value='GCP'}, Tag{name='region', value='SOUTH_AMERICA_EAST_1'}, Tag{name='workloadType', value='OPERATIONAL'}]}, electionId=7fffffff00000000000000e8, setVersion=32, topologyVersion=TopologyVersion{processId=668e962053e33eb2d9022a32, counter=6}, lastWriteDate=Sat Jul 20 21:47:48 BRT 2024, lastUpdateTimeNanos=264613440757100}
2024-07-20 21:47:24,754 INFO com.mongodb.internal.diagnostics.logging.SLF4JLogger [cluster-ClusterId{value='669c5a9b4aa61b40bb7294f2', description='null'}-ac-tmdvcbz-shard-00-00.dddrndp.mongodb.net:27017] Monitor thread successfully connected to server with description ServerDescription{address=ac-tmdvcbz-shard-00-00.dddrndp.mongodb.net:27017, type=REPLICA_SET_SECONDARY, state=CONNECTED, ok=true, minWireVersion=0, maxWireVersion=21, maxDocumentSize=16777216, logicalSessionTimeoutMinutes=30, roundTripTimeNanos=498061301, setName='atlas-qhvfd0-shard-0', canonicalAddress=ac-tmdvcbz-shard-00-00.dddrndp.mongodb.net:27017, hosts=[ac-tmdvcbz-shard-00-02.dddrndp.mongodb.net:27017, ac-tmdvcbz-shard-00-00.dddrndp.mongodb.net:27017, ac-tmdvcbz-shard-00-01.dddrndp.mongodb.net:27017], passives=[], arbiters=[], primary='ac-tmdvcbz-shard-00-01.dddrndp.mongodb.net:27017', tagSet=TagSet{[Tag{name='availabilityZone', value='southamerica-east1-a'}, Tag{name='diskState', value='READY'}, Tag{name='nodeType', value='ELECTABLE'}, Tag{name='provider', value='GCP'}, Tag{name='region', value='SOUTH_AMERICA_EAST_1'}, Tag{name='workloadType', value='OPERATIONAL'}]}, electionId=null, setVersion=32, topologyVersion=TopologyVersion{processId=668e95cdbb8bd16ca66ef412, counter=4}, lastWriteDate=Sat Jul 20 21:47:48 BRT 2024, lastUpdateTimeNanos=264613440761599}
2024-07-20 21:47:24,765 INFO com.mongodb.internal.diagnostics.logging.SLF4JLogger [cluster-ClusterId{value='669c5a9b4aa61b40bb7294f2', description='null'}-ac-tmdvcbz-shard-00-01.dddrndp.mongodb.net:27017] Discovered replica set primary ac-tmdvcbz-shard-00-01.dddrndp.mongodb.net:27017 with max election id 7fffffff00000000000000e8 and max set version 32
2024-07-20 21:47:24,818 INFO org.springframework.boot.web.embedded.tomcat.TomcatWebServer [main] Tomcat started on port(s): 8080 (http) with context path '/mazebank'
2024-07-20 21:47:24,844 INFO org.springframework.boot.StartupInfoLogger [main] Started MazebankApplication in 2.843 seconds (JVM running for 3.309)
2024-07-20 21:47:34,597 INFO org.apache.juli.logging.DirectJDKLog [http-nio-8080-exec-1] Initializing Spring DispatcherServlet 'dispatcherServlet'
2024-07-20 21:47:34,597 INFO org.springframework.web.servlet.FrameworkServlet [http-nio-8080-exec-1] Initializing Servlet 'dispatcherServlet'
2024-07-20 21:47:34,598 INFO org.springframework.web.servlet.FrameworkServlet [http-nio-8080-exec-1] Completed initialization in 1 ms
2024-07-20 21:47:34,631 INFO ht.henrique.mazebank.service.impl.ManagementServiceImpl [http-nio-8080-exec-1] Searching user with key: 669c3a13f4df997161d9a251
2024-07-20 21:48:04,043 ERROR org.apache.juli.logging.DirectJDKLog [http-nio-8080-exec-1] Servlet.service() for servlet [dispatcherServlet] in context with path [/mazebank] threw exception [Request processing failed; nested exception is ht.henrique.mazebank.exception.ValidationException: Balance is empty] with root cause
ht.henrique.mazebank.exception.ValidationException: Balance is empty
	at ht.henrique.mazebank.service.impl.ManagementServiceImpl.depositBalance(ManagementServiceImpl.java:88)
	at ht.henrique.mazebank.controller.ManagementController.depositBalance(ManagementController.java:47)
	at java.base/jdk.internal.reflect.NativeMethodAccessorImpl.invoke0(Native Method)
	at java.base/jdk.internal.reflect.NativeMethodAccessorImpl.invoke(NativeMethodAccessorImpl.java:77)
	at java.base/jdk.internal.reflect.DelegatingMethodAccessorImpl.invoke(DelegatingMethodAccessorImpl.java:43)
	at java.base/java.lang.reflect.Method.invoke(Method.java:568)
	at org.springframework.web.method.support.InvocableHandlerMethod.doInvoke(InvocableHandlerMethod.java:205)
	at org.springframework.web.method.support.InvocableHandlerMethod.invokeForRequest(InvocableHandlerMethod.java:150)
	at org.springframework.web.servlet.mvc.method.annotation.ServletInvocableHandlerMethod.invokeAndHandle(ServletInvocableHandlerMethod.java:117)
	at org.springframework.web.servlet.mvc.method.annotation.RequestMappingHandlerAdapter.invokeHandlerMethod(RequestMappingHandlerAdapter.java:895)
	at org.springframework.web.servlet.mvc.method.annotation.RequestMappingHandlerAdapter.handleInternal(RequestMappingHandlerAdapter.java:808)
	at org.springframework.web.servlet.mvc.method.AbstractHandlerMethodAdapter.handle(AbstractHandlerMethodAdapter.java:87)
	at org.springframework.web.servlet.DispatcherServlet.doDispatch(DispatcherServlet.java:1067)
	at org.springframework.web.servlet.DispatcherServlet.doService(DispatcherServlet.java:963)
	at org.springframework.web.servlet.FrameworkServlet.processRequest(FrameworkServlet.java:1006)
	at org.springframework.web.servlet.FrameworkServlet.doPost(FrameworkServlet.java:909)
	at javax.servlet.http.HttpServlet.service(HttpServlet.java:681)
	at org.springframework.web.servlet.FrameworkServlet.service(FrameworkServlet.java:883)
	at javax.servlet.http.HttpServlet.service(HttpServlet.java:764)
	at org.apache.catalina.core.ApplicationFilterChain.internalDoFilter(ApplicationFilterChain.java:227)
	at org.apache.catalina.core.ApplicationFilterChain.doFilter(ApplicationFilterChain.java:162)
	at org.apache.tomcat.websocket.server.WsFilter.doFilter(WsFilter.java:53)
	at org.apache.catalina.core.ApplicationFilterChain.internalDoFilter(ApplicationFilterChain.java:189)
	at org.apache.catalina.core.ApplicationFilterChain.doFilter(ApplicationFilterChain.java:162)
	at org.springframework.web.filter.RequestContextFilter.doFilterInternal(RequestContextFilter.java:100)
	at org.springframework.web.filter.OncePerRequestFilter.doFilter(OncePerRequestFilter.java:117)
	at org.apache.catalina.core.ApplicationFilterChain.internalDoFilter(ApplicationFilterChain.java:189)
	at org.apache.catalina.core.ApplicationFilterChain.doFilter(ApplicationFilterChain.java:162)
	at org.springframework.web.filter.FormContentFilter.doFilterInternal(FormContentFilter.java:93)
	at org.springframework.web.filter.OncePerRequestFilter.doFilter(OncePerRequestFilter.java:117)
	at org.apache.catalina.core.ApplicationFilterChain.internalDoFilter(ApplicationFilterChain.java:189)
	at org.apache.catalina.core.ApplicationFilterChain.doFilter(ApplicationFilterChain.java:162)
	at org.springframework.web.filter.CharacterEncodingFilter.doFilterInternal(CharacterEncodingFilter.java:201)
	at org.springframework.web.filter.OncePerRequestFilter.doFilter(OncePerRequestFilter.java:117)
	at org.apache.catalina.core.ApplicationFilterChain.internalDoFilter(ApplicationFilterChain.java:189)
	at org.apache.catalina.core.ApplicationFilterChain.doFilter(ApplicationFilterChain.java:162)
	at org.apache.catalina.core.StandardWrapperValve.invoke(StandardWrapperValve.java:197)
	at org.apache.catalina.core.StandardContextValve.invoke(StandardContextValve.java:97)
	at org.apache.catalina.authenticator.AuthenticatorBase.invoke(AuthenticatorBase.java:541)
	at org.apache.catalina.core.StandardHostValve.invoke(StandardHostValve.java:135)
	at org.apache.catalina.valves.ErrorReportValve.invoke(ErrorReportValve.java:92)
	at org.apache.catalina.core.StandardEngineValve.invoke(StandardEngineValve.java:78)
	at org.apache.catalina.connector.CoyoteAdapter.service(CoyoteAdapter.java:360)
	at org.apache.coyote.http11.Http11Processor.service(Http11Processor.java:399)
	at org.apache.coyote.AbstractProcessorLight.process(AbstractProcessorLight.java:65)
	at org.apache.coyote.AbstractProtocol$ConnectionHandler.process(AbstractProtocol.java:890)
	at org.apache.tomcat.util.net.NioEndpoint$SocketProcessor.doRun(NioEndpoint.java:1743)
	at org.apache.tomcat.util.net.SocketProcessorBase.run(SocketProcessorBase.java:49)
	at org.apache.tomcat.util.threads.ThreadPoolExecutor.runWorker(ThreadPoolExecutor.java:1191)
	at org.apache.tomcat.util.threads.ThreadPoolExecutor$Worker.run(ThreadPoolExecutor.java:659)
	at org.apache.tomcat.util.threads.TaskThread$WrappingRunnable.run(TaskThread.java:61)
	at java.base/java.lang.Thread.run(Thread.java:842)
2024-07-20 21:48:07,228 INFO org.springframework.boot.StartupInfoLogger [main] Starting MazebankApplication using Java 17.0.11 on HENRIQUE-PC with PID 27072 (E:\Henrique Teixeira\Projetos\Java\mazebank\target\classes started by hthen in E:\Henrique Teixeira\Projetos\Java\mazebank)
2024-07-20 21:48:07,235 INFO org.springframework.boot.SpringApplication [main] No active profile set, falling back to 1 default profile: "default"
2024-07-20 21:48:08,386 INFO org.springframework.boot.web.embedded.tomcat.TomcatWebServer [main] Tomcat initialized with port(s): 8080 (http)
2024-07-20 21:48:08,396 INFO org.apache.juli.logging.DirectJDKLog [main] Initializing ProtocolHandler ["http-nio-8080"]
2024-07-20 21:48:08,396 INFO org.apache.juli.logging.DirectJDKLog [main] Starting service [Tomcat]
2024-07-20 21:48:08,396 INFO org.apache.juli.logging.DirectJDKLog [main] Starting Servlet engine: [Apache Tomcat/9.0.63]
2024-07-20 21:48:08,492 INFO org.apache.juli.logging.DirectJDKLog [main] Initializing Spring embedded WebApplicationContext
2024-07-20 21:48:08,492 INFO org.springframework.boot.web.servlet.context.ServletWebServerApplicationContext [main] Root WebApplicationContext: initialization completed in 1178 ms
2024-07-20 21:48:08,715 INFO com.mongodb.internal.diagnostics.logging.SLF4JLogger [cluster-ClusterId{value='669c5ac867e8a821578af793', description='null'}-srv-mazebankcluster.dddrndp.mongodb.net] Adding discovered server ac-tmdvcbz-shard-00-02.dddrndp.mongodb.net:27017 to client view of cluster
2024-07-20 21:48:08,729 INFO com.mongodb.internal.diagnostics.logging.SLF4JLogger [main] MongoClient with metadata {"driver": {"name": "mongo-java-driver|sync", "version": "4.10.2"}, "os": {"type": "Windows", "name": "Windows 11", "architecture": "amd64", "version": "10.0"}, "platform": "Java/Oracle Corporation/17.0.11+7-LTS-207"} created with settings MongoClientSettings{readPreference=primary, writeConcern=WriteConcern{w=majority, wTimeout=null ms, journal=null}, retryWrites=true, retryReads=true, readConcern=ReadConcern{level=null}, credential=MongoCredential{mechanism=null, userName='mazebank', source='admin', password=<hidden>, mechanismProperties=<hidden>}, streamFactoryFactory=null, commandListeners=[], codecRegistry=ProvidersCodecRegistry{codecProviders=[ValueCodecProvider{}, BsonValueCodecProvider{}, DBRefCodecProvider{}, DBObjectCodecProvider{}, DocumentCodecProvider{}, CollectionCodecProvider{}, IterableCodecProvider{}, MapCodecProvider{}, GeoJsonCodecProvider{}, GridFSFileCodecProvider{}, Jsr310CodecProvider{}, JsonObjectCodecProvider{}, BsonCodecProvider{}, EnumCodecProvider{}, com.mongodb.client.model.mql.ExpressionCodecProvider@5cc9d3d0, com.mongodb.Jep395RecordCodecProvider@7c2dfa2, com.mongodb.KotlinCodecProvider@661d88a]}, loggerSettings=LoggerSettings{maxDocumentLength=1000}, clusterSettings={hosts=[127.0.0.1:27017], srvHost=mazebankcluster.dddrndp.mongodb.net, srvServiceName=mongodb, mode=MULTIPLE, requiredClusterType=REPLICA_SET, requiredReplicaSetName='atlas-qhvfd0-shard-0', serverSelector='null', clusterListeners='[]', serverSelectionTimeout='30000 ms', localThreshold='30000 ms'}, socketSettings=SocketSettings{connectTimeoutMS=10000, readTimeoutMS=0, receiveBufferSize=0, sendBufferSize=0}, heartbeatSocketSettings=SocketSettings{connectTimeoutMS=10000, readTimeoutMS=10000, receiveBufferSize=0, sendBufferSize=0}, connectionPoolSettings=ConnectionPoolSettings{maxSize=100, minSize=0, maxWaitTimeMS=120000, maxConnectionLifeTimeMS=0, maxConnectionIdleTimeMS=0, maintenanceInitialDelayMS=0, maintenanceFrequencyMS=60000, connectionPoolListeners=[], maxConnecting=2}, serverSettings=ServerSettings{heartbeatFrequencyMS=10000, minHeartbeatFrequencyMS=500, serverListeners='[]', serverMonitorListeners='[]'}, sslSettings=SslSettings{enabled=true, invalidHostNameAllowed=false, context=null}, applicationName='null', compressorList=[], uuidRepresentation=UNSPECIFIED, serverApi=ServerApi{version=V1, deprecationErrors=null, strict=null}, autoEncryptionSettings=null, dnsClient=null, inetAddressResolver=null, contextProvider=null}
2024-07-20 21:48:08,738 INFO com.mongodb.internal.diagnostics.logging.SLF4JLogger [cluster-ClusterId{value='669c5ac867e8a821578af793', description='null'}-srv-mazebankcluster.dddrndp.mongodb.net] Adding discovered server ac-tmdvcbz-shard-00-00.dddrndp.mongodb.net:27017 to client view of cluster
2024-07-20 21:48:08,739 INFO com.mongodb.internal.diagnostics.logging.SLF4JLogger [cluster-ClusterId{value='669c5ac867e8a821578af793', description='null'}-srv-mazebankcluster.dddrndp.mongodb.net] Adding discovered server ac-tmdvcbz-shard-00-01.dddrndp.mongodb.net:27017 to client view of cluster
2024-07-20 21:48:09,456 INFO com.mongodb.internal.diagnostics.logging.SLF4JLogger [cluster-ClusterId{value='669c5ac867e8a821578af793', description='null'}-ac-tmdvcbz-shard-00-02.dddrndp.mongodb.net:27017] Monitor thread successfully connected to server with description ServerDescription{address=ac-tmdvcbz-shard-00-02.dddrndp.mongodb.net:27017, type=REPLICA_SET_SECONDARY, state=CONNECTED, ok=true, minWireVersion=0, maxWireVersion=21, maxDocumentSize=16777216, logicalSessionTimeoutMinutes=30, roundTripTimeNanos=467258300, setName='atlas-qhvfd0-shard-0', canonicalAddress=ac-tmdvcbz-shard-00-02.dddrndp.mongodb.net:27017, hosts=[ac-tmdvcbz-shard-00-02.dddrndp.mongodb.net:27017, ac-tmdvcbz-shard-00-00.dddrndp.mongodb.net:27017, ac-tmdvcbz-shard-00-01.dddrndp.mongodb.net:27017], passives=[], arbiters=[], primary='ac-tmdvcbz-shard-00-01.dddrndp.mongodb.net:27017', tagSet=TagSet{[Tag{name='availabilityZone', value='southamerica-east1-c'}, Tag{name='diskState', value='READY'}, Tag{name='nodeType', value='ELECTABLE'}, Tag{name='provider', value='GCP'}, Tag{name='region', value='SOUTH_AMERICA_EAST_1'}, Tag{name='workloadType', value='OPERATIONAL'}]}, electionId=null, setVersion=32, topologyVersion=TopologyVersion{processId=668e96757d267586ac9d844d, counter=3}, lastWriteDate=Sat Jul 20 21:48:33 BRT 2024, lastUpdateTimeNanos=264658143243399}
2024-07-20 21:48:09,456 INFO com.mongodb.internal.diagnostics.logging.SLF4JLogger [cluster-ClusterId{value='669c5ac867e8a821578af793', description='null'}-ac-tmdvcbz-shard-00-01.dddrndp.mongodb.net:27017] Monitor thread successfully connected to server with description ServerDescription{address=ac-tmdvcbz-shard-00-01.dddrndp.mongodb.net:27017, type=REPLICA_SET_PRIMARY, state=CONNECTED, ok=true, minWireVersion=0, maxWireVersion=21, maxDocumentSize=16777216, logicalSessionTimeoutMinutes=30, roundTripTimeNanos=467268000, setName='atlas-qhvfd0-shard-0', canonicalAddress=ac-tmdvcbz-shard-00-01.dddrndp.mongodb.net:27017, hosts=[ac-tmdvcbz-shard-00-02.dddrndp.mongodb.net:27017, ac-tmdvcbz-shard-00-00.dddrndp.mongodb.net:27017, ac-tmdvcbz-shard-00-01.dddrndp.mongodb.net:27017], passives=[], arbiters=[], primary='ac-tmdvcbz-shard-00-01.dddrndp.mongodb.net:27017', tagSet=TagSet{[Tag{name='availabilityZone', value='southamerica-east1-b'}, Tag{name='diskState', value='READY'}, Tag{name='nodeType', value='ELECTABLE'}, Tag{name='provider', value='GCP'}, Tag{name='region', value='SOUTH_AMERICA_EAST_1'}, Tag{name='workloadType', value='OPERATIONAL'}]}, electionId=7fffffff00000000000000e8, setVersion=32, topologyVersion=TopologyVersion{processId=668e962053e33eb2d9022a32, counter=6}, lastWriteDate=Sat Jul 20 21:48:33 BRT 2024, lastUpdateTimeNanos=264658143244299}
2024-07-20 21:48:09,456 INFO com.mongodb.internal.diagnostics.logging.SLF4JLogger [cluster-ClusterId{value='669c5ac867e8a821578af793', description='null'}-ac-tmdvcbz-shard-00-00.dddrndp.mongodb.net:27017] Monitor thread successfully connected to server with description ServerDescription{address=ac-tmdvcbz-shard-00-00.dddrndp.mongodb.net:27017, type=REPLICA_SET_SECONDARY, state=CONNECTED, ok=true, minWireVersion=0, maxWireVersion=21, maxDocumentSize=16777216, logicalSessionTimeoutMinutes=30, roundTripTimeNanos=467268800, setName='atlas-qhvfd0-shard-0', canonicalAddress=ac-tmdvcbz-shard-00-00.dddrndp.mongodb.net:27017, hosts=[ac-tmdvcbz-shard-00-02.dddrndp.mongodb.net:27017, ac-tmdvcbz-shard-00-00.dddrndp.mongodb.net:27017, ac-tmdvcbz-shard-00-01.dddrndp.mongodb.net:27017], passives=[], arbiters=[], primary='ac-tmdvcbz-shard-00-01.dddrndp.mongodb.net:27017', tagSet=TagSet{[Tag{name='availabilityZone', value='southamerica-east1-a'}, Tag{name='diskState', value='READY'}, Tag{name='nodeType', value='ELECTABLE'}, Tag{name='provider', value='GCP'}, Tag{name='region', value='SOUTH_AMERICA_EAST_1'}, Tag{name='workloadType', value='OPERATIONAL'}]}, electionId=null, setVersion=32, topologyVersion=TopologyVersion{processId=668e95cdbb8bd16ca66ef412, counter=4}, lastWriteDate=Sat Jul 20 21:48:33 BRT 2024, lastUpdateTimeNanos=264658143258300}
2024-07-20 21:48:09,471 INFO com.mongodb.internal.diagnostics.logging.SLF4JLogger [cluster-ClusterId{value='669c5ac867e8a821578af793', description='null'}-ac-tmdvcbz-shard-00-01.dddrndp.mongodb.net:27017] Discovered replica set primary ac-tmdvcbz-shard-00-01.dddrndp.mongodb.net:27017 with max election id 7fffffff00000000000000e8 and max set version 32
2024-07-20 21:48:09,517 INFO org.apache.juli.logging.DirectJDKLog [main] Starting ProtocolHandler ["http-nio-8080"]
2024-07-20 21:48:09,584 INFO org.springframework.boot.web.embedded.tomcat.TomcatWebServer [main] Tomcat started on port(s): 8080 (http) with context path '/mazebank'
2024-07-20 21:48:09,608 INFO org.springframework.boot.StartupInfoLogger [main] Started MazebankApplication in 2.774 seconds (JVM running for 3.247)
2024-07-20 21:48:15,660 INFO org.apache.juli.logging.DirectJDKLog [http-nio-8080-exec-1] Initializing Spring DispatcherServlet 'dispatcherServlet'
2024-07-20 21:48:15,660 INFO org.springframework.web.servlet.FrameworkServlet [http-nio-8080-exec-1] Initializing Servlet 'dispatcherServlet'
2024-07-20 21:48:15,661 INFO org.springframework.web.servlet.FrameworkServlet [http-nio-8080-exec-1] Completed initialization in 1 ms
2024-07-20 21:48:15,734 INFO ht.henrique.mazebank.service.impl.ManagementServiceImpl [http-nio-8080-exec-1] Searching user with key: 669c3a13f4df997161d9a251
2024-07-20 21:55:59,641 INFO org.springframework.boot.StartupInfoLogger [main] Starting MazebankApplication using Java 17.0.11 on HENRIQUE-PC with PID 34848 (E:\Henrique Teixeira\Projetos\Java\mazebank\target\classes started by hthen in E:\Henrique Teixeira\Projetos\Java\mazebank)
2024-07-20 21:55:59,646 INFO org.springframework.boot.SpringApplication [main] No active profile set, falling back to 1 default profile: "default"
2024-07-20 21:56:00,816 INFO org.springframework.boot.web.embedded.tomcat.TomcatWebServer [main] Tomcat initialized with port(s): 8080 (http)
2024-07-20 21:56:00,830 INFO org.apache.juli.logging.DirectJDKLog [main] Initializing ProtocolHandler ["http-nio-8080"]
2024-07-20 21:56:00,830 INFO org.apache.juli.logging.DirectJDKLog [main] Starting service [Tomcat]
2024-07-20 21:56:00,831 INFO org.apache.juli.logging.DirectJDKLog [main] Starting Servlet engine: [Apache Tomcat/9.0.63]
2024-07-20 21:56:00,924 INFO org.apache.juli.logging.DirectJDKLog [main] Initializing Spring embedded WebApplicationContext
2024-07-20 21:56:00,924 INFO org.springframework.boot.web.servlet.context.ServletWebServerApplicationContext [main] Root WebApplicationContext: initialization completed in 1201 ms
2024-07-20 21:56:01,100 INFO com.mongodb.internal.diagnostics.logging.SLF4JLogger [cluster-ClusterId{value='669c5ca18ccc33176775acc5', description='null'}-srv-mazebankcluster.dddrndp.mongodb.net] Adding discovered server ac-tmdvcbz-shard-00-02.dddrndp.mongodb.net:27017 to client view of cluster
2024-07-20 21:56:01,111 INFO com.mongodb.internal.diagnostics.logging.SLF4JLogger [main] MongoClient with metadata {"driver": {"name": "mongo-java-driver|sync", "version": "4.10.2"}, "os": {"type": "Windows", "name": "Windows 11", "architecture": "amd64", "version": "10.0"}, "platform": "Java/Oracle Corporation/17.0.11+7-LTS-207"} created with settings MongoClientSettings{readPreference=primary, writeConcern=WriteConcern{w=majority, wTimeout=null ms, journal=null}, retryWrites=true, retryReads=true, readConcern=ReadConcern{level=null}, credential=MongoCredential{mechanism=null, userName='mazebank', source='admin', password=<hidden>, mechanismProperties=<hidden>}, streamFactoryFactory=null, commandListeners=[], codecRegistry=ProvidersCodecRegistry{codecProviders=[ValueCodecProvider{}, BsonValueCodecProvider{}, DBRefCodecProvider{}, DBObjectCodecProvider{}, DocumentCodecProvider{}, CollectionCodecProvider{}, IterableCodecProvider{}, MapCodecProvider{}, GeoJsonCodecProvider{}, GridFSFileCodecProvider{}, Jsr310CodecProvider{}, JsonObjectCodecProvider{}, BsonCodecProvider{}, EnumCodecProvider{}, com.mongodb.client.model.mql.ExpressionCodecProvider@49d831c2, com.mongodb.Jep395RecordCodecProvider@53a7a60c, com.mongodb.KotlinCodecProvider@28bdbe88]}, loggerSettings=LoggerSettings{maxDocumentLength=1000}, clusterSettings={hosts=[127.0.0.1:27017], srvHost=mazebankcluster.dddrndp.mongodb.net, srvServiceName=mongodb, mode=MULTIPLE, requiredClusterType=REPLICA_SET, requiredReplicaSetName='atlas-qhvfd0-shard-0', serverSelector='null', clusterListeners='[]', serverSelectionTimeout='30000 ms', localThreshold='30000 ms'}, socketSettings=SocketSettings{connectTimeoutMS=10000, readTimeoutMS=0, receiveBufferSize=0, sendBufferSize=0}, heartbeatSocketSettings=SocketSettings{connectTimeoutMS=10000, readTimeoutMS=10000, receiveBufferSize=0, sendBufferSize=0}, connectionPoolSettings=ConnectionPoolSettings{maxSize=100, minSize=0, maxWaitTimeMS=120000, maxConnectionLifeTimeMS=0, maxConnectionIdleTimeMS=0, maintenanceInitialDelayMS=0, maintenanceFrequencyMS=60000, connectionPoolListeners=[], maxConnecting=2}, serverSettings=ServerSettings{heartbeatFrequencyMS=10000, minHeartbeatFrequencyMS=500, serverListeners='[]', serverMonitorListeners='[]'}, sslSettings=SslSettings{enabled=true, invalidHostNameAllowed=false, context=null}, applicationName='null', compressorList=[], uuidRepresentation=UNSPECIFIED, serverApi=ServerApi{version=V1, deprecationErrors=null, strict=null}, autoEncryptionSettings=null, dnsClient=null, inetAddressResolver=null, contextProvider=null}
2024-07-20 21:56:01,128 INFO com.mongodb.internal.diagnostics.logging.SLF4JLogger [cluster-ClusterId{value='669c5ca18ccc33176775acc5', description='null'}-srv-mazebankcluster.dddrndp.mongodb.net] Adding discovered server ac-tmdvcbz-shard-00-00.dddrndp.mongodb.net:27017 to client view of cluster
2024-07-20 21:56:01,129 INFO com.mongodb.internal.diagnostics.logging.SLF4JLogger [cluster-ClusterId{value='669c5ca18ccc33176775acc5', description='null'}-srv-mazebankcluster.dddrndp.mongodb.net] Adding discovered server ac-tmdvcbz-shard-00-01.dddrndp.mongodb.net:27017 to client view of cluster
2024-07-20 21:56:01,885 INFO com.mongodb.internal.diagnostics.logging.SLF4JLogger [cluster-ClusterId{value='669c5ca18ccc33176775acc5', description='null'}-ac-tmdvcbz-shard-00-00.dddrndp.mongodb.net:27017] Monitor thread successfully connected to server with description ServerDescription{address=ac-tmdvcbz-shard-00-00.dddrndp.mongodb.net:27017, type=REPLICA_SET_SECONDARY, state=CONNECTED, ok=true, minWireVersion=0, maxWireVersion=21, maxDocumentSize=16777216, logicalSessionTimeoutMinutes=30, roundTripTimeNanos=490832100, setName='atlas-qhvfd0-shard-0', canonicalAddress=ac-tmdvcbz-shard-00-00.dddrndp.mongodb.net:27017, hosts=[ac-tmdvcbz-shard-00-02.dddrndp.mongodb.net:27017, ac-tmdvcbz-shard-00-00.dddrndp.mongodb.net:27017, ac-tmdvcbz-shard-00-01.dddrndp.mongodb.net:27017], passives=[], arbiters=[], primary='ac-tmdvcbz-shard-00-01.dddrndp.mongodb.net:27017', tagSet=TagSet{[Tag{name='availabilityZone', value='southamerica-east1-a'}, Tag{name='diskState', value='READY'}, Tag{name='nodeType', value='ELECTABLE'}, Tag{name='provider', value='GCP'}, Tag{name='region', value='SOUTH_AMERICA_EAST_1'}, Tag{name='workloadType', value='OPERATIONAL'}]}, electionId=null, setVersion=32, topologyVersion=TopologyVersion{processId=668e95cdbb8bd16ca66ef412, counter=4}, lastWriteDate=Sat Jul 20 21:56:25 BRT 2024, lastUpdateTimeNanos=265130570516299}
2024-07-20 21:56:01,885 INFO com.mongodb.internal.diagnostics.logging.SLF4JLogger [cluster-ClusterId{value='669c5ca18ccc33176775acc5', description='null'}-ac-tmdvcbz-shard-00-02.dddrndp.mongodb.net:27017] Monitor thread successfully connected to server with description ServerDescription{address=ac-tmdvcbz-shard-00-02.dddrndp.mongodb.net:27017, type=REPLICA_SET_SECONDARY, state=CONNECTED, ok=true, minWireVersion=0, maxWireVersion=21, maxDocumentSize=16777216, logicalSessionTimeoutMinutes=30, roundTripTimeNanos=490843200, setName='atlas-qhvfd0-shard-0', canonicalAddress=ac-tmdvcbz-shard-00-02.dddrndp.mongodb.net:27017, hosts=[ac-tmdvcbz-shard-00-02.dddrndp.mongodb.net:27017, ac-tmdvcbz-shard-00-00.dddrndp.mongodb.net:27017, ac-tmdvcbz-shard-00-01.dddrndp.mongodb.net:27017], passives=[], arbiters=[], primary='ac-tmdvcbz-shard-00-01.dddrndp.mongodb.net:27017', tagSet=TagSet{[Tag{name='availabilityZone', value='southamerica-east1-c'}, Tag{name='diskState', value='READY'}, Tag{name='nodeType', value='ELECTABLE'}, Tag{name='provider', value='GCP'}, Tag{name='region', value='SOUTH_AMERICA_EAST_1'}, Tag{name='workloadType', value='OPERATIONAL'}]}, electionId=null, setVersion=32, topologyVersion=TopologyVersion{processId=668e96757d267586ac9d844d, counter=3}, lastWriteDate=Sat Jul 20 21:56:25 BRT 2024, lastUpdateTimeNanos=265130570516299}
2024-07-20 21:56:01,885 INFO com.mongodb.internal.diagnostics.logging.SLF4JLogger [cluster-ClusterId{value='669c5ca18ccc33176775acc5', description='null'}-ac-tmdvcbz-shard-00-01.dddrndp.mongodb.net:27017] Monitor thread successfully connected to server with description ServerDescription{address=ac-tmdvcbz-shard-00-01.dddrndp.mongodb.net:27017, type=REPLICA_SET_PRIMARY, state=CONNECTED, ok=true, minWireVersion=0, maxWireVersion=21, maxDocumentSize=16777216, logicalSessionTimeoutMinutes=30, roundTripTimeNanos=490842400, setName='atlas-qhvfd0-shard-0', canonicalAddress=ac-tmdvcbz-shard-00-01.dddrndp.mongodb.net:27017, hosts=[ac-tmdvcbz-shard-00-02.dddrndp.mongodb.net:27017, ac-tmdvcbz-shard-00-00.dddrndp.mongodb.net:27017, ac-tmdvcbz-shard-00-01.dddrndp.mongodb.net:27017], passives=[], arbiters=[], primary='ac-tmdvcbz-shard-00-01.dddrndp.mongodb.net:27017', tagSet=TagSet{[Tag{name='availabilityZone', value='southamerica-east1-b'}, Tag{name='diskState', value='READY'}, Tag{name='nodeType', value='ELECTABLE'}, Tag{name='provider', value='GCP'}, Tag{name='region', value='SOUTH_AMERICA_EAST_1'}, Tag{name='workloadType', value='OPERATIONAL'}]}, electionId=7fffffff00000000000000e8, setVersion=32, topologyVersion=TopologyVersion{processId=668e962053e33eb2d9022a32, counter=6}, lastWriteDate=Sat Jul 20 21:56:25 BRT 2024, lastUpdateTimeNanos=265130570516299}
2024-07-20 21:56:01,895 INFO org.apache.juli.logging.DirectJDKLog [main] Starting ProtocolHandler ["http-nio-8080"]
2024-07-20 21:56:01,900 INFO com.mongodb.internal.diagnostics.logging.SLF4JLogger [cluster-ClusterId{value='669c5ca18ccc33176775acc5', description='null'}-ac-tmdvcbz-shard-00-01.dddrndp.mongodb.net:27017] Discovered replica set primary ac-tmdvcbz-shard-00-01.dddrndp.mongodb.net:27017 with max election id 7fffffff00000000000000e8 and max set version 32
2024-07-20 21:56:01,950 INFO org.springframework.boot.web.embedded.tomcat.TomcatWebServer [main] Tomcat started on port(s): 8080 (http) with context path '/mazebank'
2024-07-20 21:56:01,958 INFO org.springframework.boot.StartupInfoLogger [main] Started MazebankApplication in 2.718 seconds (JVM running for 3.183)
2024-07-20 21:56:07,888 INFO org.apache.juli.logging.DirectJDKLog [http-nio-8080-exec-1] Initializing Spring DispatcherServlet 'dispatcherServlet'
2024-07-20 21:56:07,888 INFO org.springframework.web.servlet.FrameworkServlet [http-nio-8080-exec-1] Initializing Servlet 'dispatcherServlet'
2024-07-20 21:56:07,889 INFO org.springframework.web.servlet.FrameworkServlet [http-nio-8080-exec-1] Completed initialization in 1 ms
2024-07-20 21:56:07,965 INFO ht.henrique.mazebank.service.impl.ManagementServiceImpl [http-nio-8080-exec-1] Searching user with key: 669c3a13f4df997161d9a251
2024-07-20 21:56:08,087 ERROR ht.henrique.mazebank.service.impl.ManagementServiceImpl [http-nio-8080-exec-1] Cannot cast java.lang.Double to org.bson.types.Decimal128
2024-07-20 21:56:08,090 ERROR ht.henrique.mazebank.exception.HandleException [http-nio-8080-exec-1] ErrorTemplate(errorCode=500000, errorMessage=Internal error in database, timeStamp=2024-07-20 21:56:08.089)
2024-07-20 21:56:09,652 INFO ht.henrique.mazebank.service.impl.ManagementServiceImpl [http-nio-8080-exec-2] Searching user with key: 669c3a13f4df997161d9a251
2024-07-20 21:56:09,659 ERROR ht.henrique.mazebank.service.impl.ManagementServiceImpl [http-nio-8080-exec-2] Cannot cast java.lang.Double to org.bson.types.Decimal128
2024-07-20 21:56:09,660 ERROR ht.henrique.mazebank.exception.HandleException [http-nio-8080-exec-2] ErrorTemplate(errorCode=500000, errorMessage=Internal error in database, timeStamp=2024-07-20 21:56:09.66)
2024-07-20 21:56:46,214 INFO ht.henrique.mazebank.service.impl.ManagementServiceImpl [http-nio-8080-exec-3] Searching user with key: 669c3a13f4df997161d9a251
2024-07-20 21:56:46,220 ERROR ht.henrique.mazebank.service.impl.ManagementServiceImpl [http-nio-8080-exec-3] Cannot cast java.lang.Double to org.bson.types.Decimal128
2024-07-20 21:56:46,220 ERROR ht.henrique.mazebank.exception.HandleException [http-nio-8080-exec-3] ErrorTemplate(errorCode=500000, errorMessage=Internal error in database, timeStamp=2024-07-20 21:56:46.22)
2024-07-20 21:56:59,393 INFO ht.henrique.mazebank.service.impl.ManagementServiceImpl [http-nio-8080-exec-4] Searching user with key: 669c3a13f4df997161d9a251
2024-07-20 21:56:59,399 ERROR ht.henrique.mazebank.service.impl.ManagementServiceImpl [http-nio-8080-exec-4] Cannot cast java.lang.Double to org.bson.types.Decimal128
2024-07-20 21:56:59,399 ERROR ht.henrique.mazebank.exception.HandleException [http-nio-8080-exec-4] ErrorTemplate(errorCode=500000, errorMessage=Internal error in database, timeStamp=2024-07-20 21:56:59.399)
2024-07-20 21:57:09,597 INFO ht.henrique.mazebank.service.impl.ManagementServiceImpl [http-nio-8080-exec-5] Searching user with key: 669c3a13f4df997161d9a251
2024-07-20 21:57:09,608 ERROR ht.henrique.mazebank.service.impl.ManagementServiceImpl [http-nio-8080-exec-5] Cannot cast java.lang.Double to org.bson.types.Decimal128
2024-07-20 21:57:17,960 ERROR ht.henrique.mazebank.exception.HandleException [http-nio-8080-exec-5] ErrorTemplate(errorCode=500000, errorMessage=Internal error in database, timeStamp=2024-07-20 21:57:17.96)
2024-07-20 21:57:35,203 INFO ht.henrique.mazebank.service.impl.ManagementServiceImpl [http-nio-8080-exec-6] Searching user with key: 669c3a13f4df997161d9a251
2024-07-20 21:58:19,385 ERROR ht.henrique.mazebank.service.impl.ManagementServiceImpl [http-nio-8080-exec-6] Cannot cast java.lang.Double to org.bson.types.Decimal128
2024-07-20 21:58:19,386 ERROR ht.henrique.mazebank.exception.HandleException [http-nio-8080-exec-6] ErrorTemplate(errorCode=500000, errorMessage=Internal error in database, timeStamp=2024-07-20 21:58:19.386)
2024-07-20 21:58:25,821 INFO ht.henrique.mazebank.service.impl.ManagementServiceImpl [http-nio-8080-exec-7] Searching user with key: 669c3a13f4df997161d9a251
2024-07-20 21:58:37,573 INFO ht.henrique.mazebank.service.impl.ManagementServiceImpl [http-nio-8080-exec-8] Searching user with key: henrique@email.com
2024-07-20 21:58:37,579 INFO ht.henrique.mazebank.service.impl.ManagementServiceImpl [http-nio-8080-exec-8] User founded with uid 669c3a13f4df997161d9a251
2024-07-20 21:58:42,906 INFO ht.henrique.mazebank.service.impl.ManagementServiceImpl [http-nio-8080-exec-9] Searching user with key: 669c3a13f4df997161d9a251
2024-07-20 21:58:46,313 INFO ht.henrique.mazebank.service.impl.ManagementServiceImpl [http-nio-8080-exec-10] Searching user with key: henrique@email.com
2024-07-20 21:58:46,319 INFO ht.henrique.mazebank.service.impl.ManagementServiceImpl [http-nio-8080-exec-10] User founded with uid 669c3a13f4df997161d9a251
2024-07-20 21:58:56,812 INFO ht.henrique.mazebank.service.impl.ManagementServiceImpl [http-nio-8080-exec-1] Searching user with key: henrique@email.com
2024-07-20 21:58:56,826 INFO ht.henrique.mazebank.service.impl.ManagementServiceImpl [http-nio-8080-exec-1] User founded with uid 669c3a13f4df997161d9a251
2024-07-20 21:58:58,485 INFO ht.henrique.mazebank.service.impl.ManagementServiceImpl [http-nio-8080-exec-2] Searching user with key: henrique@email.com
2024-07-20 21:58:58,491 INFO ht.henrique.mazebank.service.impl.ManagementServiceImpl [http-nio-8080-exec-2] User founded with uid 669c3a13f4df997161d9a251
2024-07-20 21:59:00,650 INFO ht.henrique.mazebank.service.impl.ManagementServiceImpl [http-nio-8080-exec-3] Searching user with key: 669c3a13f4df997161d9a251
2024-07-20 21:59:02,322 INFO ht.henrique.mazebank.service.impl.ManagementServiceImpl [http-nio-8080-exec-4] Searching user with key: 669c3a13f4df997161d9a251
2024-07-20 21:59:03,659 INFO ht.henrique.mazebank.service.impl.ManagementServiceImpl [http-nio-8080-exec-5] Searching user with key: 669c3a13f4df997161d9a251
2024-07-20 21:59:05,459 INFO ht.henrique.mazebank.service.impl.ManagementServiceImpl [http-nio-8080-exec-6] Searching user with key: henrique@email.com
2024-07-20 21:59:05,465 INFO ht.henrique.mazebank.service.impl.ManagementServiceImpl [http-nio-8080-exec-6] User founded with uid 669c3a13f4df997161d9a251
2024-07-20 21:59:08,795 INFO ht.henrique.mazebank.service.impl.ManagementServiceImpl [http-nio-8080-exec-7] Searching user with key: 669c3a13f4df997161d9a251
2024-07-20 21:59:09,957 INFO ht.henrique.mazebank.service.impl.ManagementServiceImpl [http-nio-8080-exec-8] Searching user with key: henrique@email.com
2024-07-20 21:59:09,963 INFO ht.henrique.mazebank.service.impl.ManagementServiceImpl [http-nio-8080-exec-8] User founded with uid 669c3a13f4df997161d9a251
